ABE	RU	20374	-4.184811628596855
ABE	XE	20374	-3.2604630454140695
ABE	NW	19386	1.8226794590220783
ABE	TW	20211	2.002008032128514
ABE	US	20355	2.6525840853158327
ABE	AL	20355	3.628765060240964
ABE	AA	19805	4.630407124681934
ABE	PI	19822	5.016528925619835
ABE	DH	20404	5.356243252968694
ABE	OH	20417	6.53022997032641
ABI	RU	20374	-4.604166666666667
ABI	US	20355	0.0
ABI	EV	20366	1.75
ABI	MQ	20398	3.869399156310569
ABI	OO	20304	6.579889807162535
ABQ	TZ	20312	-11.0
ABQ	YV	20378	-0.6981132075471698
ABQ	F9	20436	0.16645859342488556
ABQ	RU	20374	2.4013333333333335
ABQ	CO	19704	2.6533572565767862
ABQ	PS	19391	3.7683823529411766
ABQ	US	20355	4.019588001445609
ABQ	AL	20355	4.096947935368043
ABQ	TW	20211	4.364707629846016
ABQ	XE	20374	4.621501114689125
ABY	EV	20366	9.863852871129929
ABY	OH	20417	18.727272727272727
ACK	AA	19805	7.3
ACK	RU	20374	15.94920634920635
ACK	CO	19704	21.008928571428573
ACK	OH	20417	28.775510204081634
ACK	XE	20374	34.61308411214953
ACK	B6	20409	45.76987447698745
ACT	MQ	20398	1.336382485668984
ACT	OO	20304	4.885492700729927
ACV	OO	20304	10.766119471044231
ACV	UA	19977	26.36842105263158
ACY	DH	20404	1.7573696145124718
ACY	OH	20417	2.633909742724589
ACY	US	20355	3.5928943199818963
ACY	AL	20355	4.248387096774193
ACY	EV	20366	21.97872340425532
ACY	MQ	20398	106.0
ADK	AS	19930	20.950592885375492
ADQ	AS	19930	9.054507104795738
AEX	RU	20374	0.7257512362114873
AEX	XE	20374	1.658450704225352
AEX	MQ	20398	8.903526970954356
AEX	EV	20366	12.115384615384615
AGS	US	20355	2.2506229235880397
AGS	CO	19704	2.5714285714285716
AGS	PI	19822	4.166816952209198
AGS	OH	20417	5.130872483221476
AGS	DL	19790	5.5674244096226
AGS	YV	20378	8.285714285714286
AGS	RU	20374	12.617151607963246
AGS	EV	20366	12.768453397063844
AKN	AS	19930	9.761252083719206
ALB	NW	19386	3.5727688609754207
ALB	AA	19805	3.638358974358974
ALB	YV	20378	4.904692082111437
ALB	US	20355	5.187693498452012
ALB	PI	19822	5.565640194489466
ALB	OH	20417	5.821792007942418
ALB	AL	20355	6.009670220679395
ALB	EA	19707	6.46448087431694
ALB	DH	20404	7.424030865331619
ALB	RU	20374	7.61084793936523
ALO	NW	19386	-0.03669724770642202
ALO	TW	20211	5.833333333333333
ALO	9E	20363	11.6187624750499
AMA	EV	20366	2.400282220131703
AMA	DL	19790	3.5946187339510995
AMA	AA	19805	3.6390497224377722
AMA	RU	20374	4.670785340314136
AMA	XE	20374	4.828467153284672
AMA	MQ	20398	6.622493859599017
AMA	WN	19393	6.650798494558031
AMA	CO	19704	7.657718120805369
AMA	OO	20304	85.0
ANC	NW	19386	3.8082656191142443
ANC	HA	19690	4.083333333333333
ANC	DL	19790	7.12481904856986
ANC	TW	20211	7.496412263535551
ANC	UA	19977	7.857567166194141
ANC	AS	19930	8.186230703650702
ANC	CO	19704	8.223300970873787
ANC	HP	19991	11.122429459588714
ANC	US	20355	14.128654970760234
ANC	F9	20436	16.230366492146597
ANI	AS	19930	4.722084367245658
APF	PI	19822	2.696271929824561
APF	MQ	20398	4.105263157894737
APF	EV	20366	11.248662000823384
ASE	YV	20378	11.13091976516634
ASE	OO	20304	13.29001498433456
ATL	PI	19822	5.378659726740404
ATL	AL	20355	5.454328358208955
ATL	ML	20295	5.537835638730676
ATL	NW	19386	5.640936334047789
ATL	B6	20409	5.990791896869245
ATL	F9	20436	6.286079479432954
ATL	RU	20374	7.906732304417243
ATL	TW	20211	8.185952368434888
ATL	AA	19805	8.327964908200576
ATL	EA	19707	8.370459268328045
ATW	DH	20404	1.593183466279913
ATW	NW	19386	1.7186456843109204
ATW	OH	20417	5.063892391761244
ATW	9E	20363	5.7629449838187705
ATW	OO	20304	11.458879866749948
ATW	EV	20366	12.116762494471473
ATW	YV	20378	17.753822030576245
AUS	RU	20374	-0.7648848326814428
AUS	AL	20355	-0.4070631970260223
AUS	NW	19386	1.0496323529411764
AUS	PA	20384	1.2961011591148577
AUS	F9	20436	1.9573590096286106
AUS	US	20355	2.4780246434462017
AUS	DH	20404	2.863080684596577
AUS	TW	20211	3.4916034183947886
AUS	XE	20374	3.5431930016402404
AUS	HP	19991	4.242559589616592
AVL	YV	20378	-1.8823529411764706
AVL	US	20355	2.7286256983240222
AVL	DH	20404	3.569482288828338
AVL	OH	20417	5.152626362735382
AVL	PI	19822	6.0638414969730325
AVL	DL	19790	6.089806300136959
AVL	9E	20363	6.7268565615462865
AVL	RU	20374	10.60219707057257
AVL	EV	20366	13.364361906223621
AVL	XE	20374	18.62805662805663
AVP	US	20355	3.1760979368204776
AVP	DL	19790	3.4186445524735487
AVP	AL	20355	3.6582867783985105
AVP	EA	19707	4.359073359073359
AVP	OH	20417	5.506214689265537
AVP	9E	20363	9.010317460317461
AVP	DH	20404	12.675507020280811
AVP	OO	20304	13.832142857142857
AVP	EV	20366	16.01602992252204
AVP	YV	20378	29.36417033773862
AZO	US	20355	1.6054872280037844
AZO	NW	19386	1.7962070300130186
AZO	OH	20417	2.9242381884260555
AZO	PI	19822	5.0177736202058
AZO	DH	20404	5.699045671438309
AZO	MQ	20398	7.224965571512886
AZO	9E	20363	7.32399577167019
AZO	EV	20366	9.308564231738035
AZO	OO	20304	10.809433962264151
BDL	PA	20384	-2.847457627118644
BDL	F9	20436	-0.16216216216216217
BDL	CO	19704	2.9038874701041792
BDL	NW	19386	3.4700590605076855
BDL	RU	20374	3.963187269920437
BDL	PI	19822	4.307118370639242
BDL	AA	19805	4.830543222456753
BDL	TW	20211	4.909853150165798
BDL	DL	19790	5.163656874770572
BDL	DH	20404	6.287415641127431
BET	AS	19930	9.831300697713994
BFF	OO	20304	131.0
BFI	CO	19704	28.0
BFL	RU	20374	0.47423887587822017
BFL	XE	20374	1.8267581475128645
BFL	HP	19991	2.4408365437534396
BFL	AA	19805	4.279205258440395
BFL	YV	20378	4.889475072540227
BFL	OO	20304	5.012538103180537
BFL	MQ	20398	7.014838709677419
BFL	CO	19704	8.180616740088105
BGM	DH	20404	1.6704402515723271
BGM	OH	20417	2.0266437473141385
BGM	US	20355	3.936612999403697
BGM	AL	20355	4.080675422138837
BGM	PI	19822	4.159276018099548
BGM	9E	20363	8.004728132387706
BGM	EV	20366	13.624347826086957
BGR	DH	20404	2.4232116058029014
BGR	DL	19790	4.045310720162004
BGR	UA	19977	4.454052722345406
BGR	CO	19704	6.195266272189349
BGR	OH	20417	6.218761231580208
BGR	US	20355	6.728018757327081
BGR	9E	20363	9.026694045174539
BGR	MQ	20398	9.517295485343414
BGR	RU	20374	19.286153846153844
BGR	EV	20366	25.387461459403905
BHM	NW	19386	0.4419069490516288
BHM	US	20355	2.981519274376417
BHM	AL	20355	3.1538461538461537
BHM	CO	19704	3.370981974032522
BHM	AA	19805	3.451829393930474
BHM	PI	19822	3.7977580569827185
BHM	EA	19707	4.584799700486709
BHM	RU	20374	5.255313667396625
BHM	UA	19977	6.038708422485898
BHM	9E	20363	6.323182337266844
BIL	YV	20378	-0.12
BIL	NW	19386	0.35179209008514145
BIL	OH	20417	1.3005671077504726
BIL	OO	20304	2.9375236414071364
BIL	XE	20374	4.418181818181818
BIL	DL	19790	4.493200836820083
BIL	EV	20366	4.70509977827051
BIL	CO	19704	4.875805839969662
BIL	UA	19977	5.7695892655945915
BIL	9E	20363	13.897435897435898
BIS	NW	19386	1.5253357865685373
BIS	CO	19704	2.2459037711313394
BIS	DL	19790	3.571300179748352
BIS	OO	20304	3.5753541559993174
BIS	9E	20363	9.594281298299846
BJI	9E	20363	5.3689839572192515
BLI	OO	20304	1.317184643510055
BLI	PS	19391	2.056179775280899
BLI	AL	20355	2.816733067729084
BLI	US	20355	3.929308368360718
BLI	AS	19930	6.135757017947538
BMI	MQ	20398	6.586977921530024
BMI	FL	20437	8.570396108408618
BMI	OO	20304	8.747159090909092
BMI	DH	20404	9.772292993630574
BMI	EV	20366	14.209105560032231
BMI	YV	20378	25.10865191146881
BNA	PA	20384	0.5714285714285714
BNA	F9	20436	3.245218384242078
BNA	US	20355	3.597970712273767
BNA	TW	20211	3.785169337585274
BNA	NW	19386	3.973449376118706
BNA	EA	19707	4.150409398362407
BNA	PI	19822	4.91310461192351
BNA	AL	20355	5.615996464869642
BNA	AA	19805	5.6988134142076765
BNA	RU	20374	6.235415135929464
BOI	MQ	20398	1.25
BOI	F9	20436	2.290488431876607
BOI	US	20355	2.7997737556561084
BOI	RU	20374	3.3759791122715406
BOI	DL	19790	3.57336886125606
BOI	CO	19704	3.8822733423545333
BOI	YV	20378	4.092105263157895
BOI	HP	19991	4.36704321319706
BOI	NW	19386	4.664840182648402
BOI	AS	19930	5.958937544867193
BOS	RU	20374	1.9178338001867414
BOS	TZ	20312	3.065583456425406
BOS	PA	20384	4.441950095359187
BOS	ML	20295	5.686495176848875
BOS	NW	19386	7.141695019672086
BOS	EV	20366	7.264984227129338
BOS	DL	19790	7.412062028994849
BOS	EA	19707	8.094741661677174
BOS	AL	20355	8.431211498973306
BOS	US	20355	8.543394359872176
BPT	RU	20374	0.39500601684717207
BPT	MQ	20398	2.177078209542548
BPT	XE	20374	3.443742098609355
BPT	EV	20366	5.533464566929134
BPT	OO	20304	7.741715399610136
BQK	EV	20366	9.055733699801497
BQN	B6	20409	2.151549616150128
BQN	AA	19805	2.712322491983509
BQN	CO	19704	6.752674368848951
BRO	CO	19704	2.0444858817261586
BRO	RU	20374	2.434830575256107
BRO	XE	20374	4.636921503451803
BRW	AS	19930	10.285167796904886
BTM	OO	20304	1.0029546946815495
BTM	DL	19790	2.6694253960747223
BTR	NW	19386	0.5103816115308909
BTR	AA	19805	2.938925557690701
BTR	CO	19704	3.8317242927705433
BTR	9E	20363	4.505869797225187
BTR	RU	20374	6.043981800634221
BTR	XE	20374	6.9737488196411705
BTR	DL	19790	8.02468721448416
BTR	MQ	20398	9.349154306531355
BTR	OH	20417	10.978070175438596
BTR	F9	20436	16.0
BTV	PI	19822	0.13495575221238937
BTV	NW	19386	4.020057306590258
BTV	FL	20437	4.759124087591241
BTV	US	20355	5.675936301975819
BTV	AL	20355	5.842042281611488
BTV	DH	20404	7.571892453565398
BTV	CO	19704	7.62792166771952
BTV	9E	20363	7.736776602364655
BTV	OH	20417	8.760055054289646
BTV	UA	19977	9.005871039578905
BUF	NW	19386	2.1731498678944203
BUF	AA	19805	3.949806486454052
BUF	PI	19822	5.109526112185686
BUF	EA	19707	6.11731368659677
BUF	AL	20355	6.236872542216053
BUF	DH	20404	6.4419016683891925
BUF	US	20355	6.77605347509968
BUF	OO	20304	6.867944621938232
BUF	9E	20363	7.015503875968992
BUF	FL	20437	7.7087854392719635
BUR	DL	19790	2.2989359069537243
BUR	AA	19805	3.2414115812049134
BUR	YV	20378	3.3725952100510406
BUR	PS	19391	3.627185158758473
BUR	HP	19991	3.8977147226233964
BUR	CO	19704	4.493704092339979
BUR	US	20355	4.830573625073921
BUR	TW	20211	5.184175234689316
BUR	AS	19930	6.671850198412699
BUR	WN	19393	6.808223838653267
BWI	F9	20436	0.7464929859719439
BWI	PA	20384	4.761904761904762
BWI	CO	19704	5.113806228906936
BWI	YV	20378	5.504665629860031
BWI	NW	19386	5.655729477085228
BWI	AL	20355	5.728207236842105
BWI	AA	19805	5.913443851481776
BWI	9E	20363	7.220703125
BWI	US	20355	7.471461796641799
BWI	DL	19790	7.64112716551741
BZN	F9	20436	-25.0
BZN	NW	19386	2.57247534571098
BZN	OO	20304	4.034353723818929
BZN	DL	19790	5.246522145209655
BZN	CO	19704	6.965238583889174
BZN	UA	19977	8.981042654028435
BZN	EV	20366	8.983679525222552
BZN	9E	20363	41.5625
CAE	AA	19805	2.057908932254482
CAE	US	20355	3.0488922566212024
CAE	EA	19707	4.974265598446225
CAE	PI	19822	6.705334462320068
CAE	9E	20363	7.336385350318471
CAE	MQ	20398	7.489127196901996
CAE	UA	19977	7.548934806983822
CAE	DL	19790	8.271223791634311
CAE	OH	20417	8.346091205211726
CAE	CO	19704	9.641975308641975
CAK	F9	20436	1.3456090651558075
CAK	NW	19386	2.5428571428571427
CAK	US	20355	2.604266944191492
CAK	AA	19805	3.416306874792428
CAK	CO	19704	3.875213675213675
CAK	9E	20363	4.991515837104072
CAK	UA	19977	5.2755716004813475
CAK	PI	19822	5.632761679479598
CAK	EA	19707	5.965840220385675
CAK	DL	19790	6.889150943396227
CCR	AL	20355	1.180327868852459
CCR	US	20355	2.839091806515301
CCR	PS	19391	3.4790419161676644
CDC	OO	20304	3.522475027746948
CDV	AS	19930	8.052846694392658
CEC	OO	20304	14.322652122038521
CHA	YV	20378	-2.3846153846153846
CHA	RU	20374	0.3441682600382409
CHA	AA	19805	0.6605816831683168
CHA	NW	19386	1.0384615384615385
CHA	US	20355	1.2844847284637062
CHA	9E	20363	2.3136094674556213
CHA	OH	20417	3.137913866069206
CHA	XE	20374	3.9054520358868183
CHA	DH	20404	5.496081504702194
CHA	DL	19790	5.65168239748307
CHO	DH	20404	0.8764077389546636
CHO	OH	20417	0.9289048473967684
CHO	YV	20378	2.096774193548387
CHO	US	20355	3.436422682987759
CHO	PI	19822	6.053740014524328
CHO	EV	20366	9.167817414652857
CHS	AA	19805	1.083454457364341
CHS	US	20355	3.048723025143536
CHS	NW	19386	3.7263374485596708
CHS	EA	19707	4.437421580928482
CHS	UA	19977	4.607471068754254
CHS	CO	19704	5.617173196631271
CHS	FL	20437	5.624398073836276
CHS	9E	20363	6.011812476928756
CHS	PI	19822	7.244047619047619
CHS	DL	19790	7.290587402689313
CIC	OO	20304	10.154483359976748
CID	AA	19805	0.3465783664459161
CID	OH	20417	0.8320035460992907
CID	NW	19386	1.7416774586729642
CID	TW	20211	3.079679430097952
CID	CO	19704	3.6666666666666665
CID	HP	19991	4.682468021068472
CID	UA	19977	6.474356969744352
CID	9E	20363	6.977060931899642
CID	MQ	20398	7.065340909090909
CID	DH	20404	7.365788298347477
CKB	OH	20417	25.625
CLD	YV	20378	1.1648016276703967
CLD	OO	20304	3.9246586217846935
CLE	RU	20374	3.460345558813225
CLE	DL	19790	3.8499758025487982
CLE	ML	20295	3.9490022172949004
CLE	NW	19386	4.143860165954731
CLE	AA	19805	4.144790893791057
CLE	PI	19822	5.160483870967742
CLE	9E	20363	5.236685032139578
CLE	EA	19707	5.570498915401301
CLE	US	20355	6.130941198572233
CLE	CO	19704	6.153629999570523
CLL	RU	20374	0.7940414507772021
CLL	MQ	20398	2.1475638051044084
CLL	OO	20304	3.5791208791208793
CLL	XE	20374	4.59366391184573
CLT	F9	20436	-3.0
CLT	TZ	20312	0.0933641975308642
CLT	OO	20304	2.7675675675675677
CLT	AA	19805	3.167947677471714
CLT	TW	20211	4.049264117248599
CLT	EA	19707	5.443047476074311
CLT	AL	20355	5.766581632653061
CLT	NW	19386	5.773580525338286
CLT	PA	20384	6.051603206412826
CLT	9E	20363	6.381183317167798
CMH	AA	19805	3.4545078778447773
CMH	DH	20404	3.495349777598059
CMH	NW	19386	3.9894987255734917
CMH	ML	20295	4.36985236985237
CMH	DL	19790	4.670345195255231
CMH	PI	19822	5.185141509433962
CMH	EA	19707	5.315812917594655
CMH	US	20355	5.833840508763109
CMH	AL	20355	5.9523809523809526
CMH	RU	20374	6.102676247006144
CMI	OH	20417	0.6120049504950495
CMI	US	20355	1.824410452517527
CMI	TW	20211	3.7445887445887447
CMI	PI	19822	4.369928400954654
CMI	DH	20404	6.080160320641283
CMI	EV	20366	6.665137614678899
CMI	MQ	20398	7.9927815501315225
CMX	9E	20363	13.512448132780083
COD	YV	20378	0.14708785784797632
COD	OO	20304	1.8414748268762868
COD	CO	19704	5.4
COS	RU	20374	0.41182590601699326
COS	TW	20211	2.569403918299291
COS	CO	19704	3.521110589217682
COS	NW	19386	4.145035998484274
COS	AA	19805	4.518190171099357
COS	XE	20374	4.758118872549019
COS	DL	19790	4.876059994231324
COS	HP	19991	4.975147876754657
COS	UA	19977	5.760484875948793
COS	9E	20363	6.76984126984127
CPR	DL	19790	1.886838124054463
CPR	YV	20378	3.3898123324396785
CPR	OO	20304	5.109338249316636
CPR	CO	19704	7.012658227848101
CPR	9E	20363	8.873015873015873
CRP	RU	20374	2.8190711462450593
CRP	CO	19704	3.1020580956102646
CRP	AA	19805	3.5011017709948584
CRP	DL	19790	4.9690444145356665
CRP	XE	20374	5.564319482458323
CRP	WN	19393	6.375863230587839
CRP	MQ	20398	6.894317641464575
CRP	EV	20366	11.882462686567164
CRW	9E	20363	-0.14146341463414633
CRW	UA	19977	-0.13333333333333333
CRW	RU	20374	2.373150105708245
CRW	OH	20417	2.731700963792654
CRW	DH	20404	4.631906614785993
CRW	US	20355	5.170367745491771
CRW	PI	19822	5.7421875
CRW	AL	20355	6.8891013384321225
CRW	XE	20374	7.139845397048489
CRW	YV	20378	8.56
CSG	DL	19790	4.454196028187059
CSG	EV	20366	9.033382168271244
CVG	YV	20378	-8.333333333333334
CVG	NW	19386	2.394621184629652
CVG	AA	19805	3.577293197440152
CVG	US	20355	4.141232415296216
CVG	TW	20211	4.446804720552215
CVG	AL	20355	5.19484240687679
CVG	PI	19822	6.99314096499527
CVG	UA	19977	7.236191088949655
CVG	DL	19790	7.614176707239955
CVG	OH	20417	7.8106691419992895
CWA	NW	19386	2.0369026013309135
CWA	MQ	20398	5.19908466819222
CWA	9E	20363	7.179869524697111
CWA	OO	20304	11.85904598195101
CWA	YV	20378	26.119787045252885
CYS	OO	20304	145.0
DAB	AA	19805	1.2895215021199273
DAB	OO	20304	1.3008130081300813
DAB	US	20355	4.4448286081201225
DAB	PI	19822	4.552018192154633
DAB	EA	19707	4.766142286921813
DAB	FL	20437	5.667706708268331
DAB	DL	19790	5.777937611550654
DAB	YV	20378	11.43367935409458
DAB	CO	19704	11.903106116823915
DAB	OH	20417	14.674740484429066
DAL	AA	19805	2.743721168631471
DAL	RU	20374	3.3123063925654743
DAL	MQ	20398	5.360094572368421
DAL	XE	20374	7.580553095167798
DAL	WN	19393	8.280787377703298
DAL	EV	20366	18.11137440758294
DAY	F9	20436	1.1802486187845305
DAY	NW	19386	2.320521750142468
DAY	RU	20374	3.7655382605856103
DAY	OH	20417	4.022368903557022
DAY	TW	20211	4.106891762867806
DAY	YV	20378	4.277777777777778
DAY	DL	19790	4.497788041512479
DAY	DH	20404	4.515945330296128
DAY	AA	19805	4.696926993363033
DAY	AL	20355	5.736907730673317
DBQ	MQ	20398	5.741449603624009
DCA	F9	20436	1.3471051916281598
DCA	TZ	20312	2.540775930324624
DCA	PA	20384	2.9151202194610297
DCA	RU	20374	3.3878400324807147
DCA	ML	20295	3.841747022121384
DCA	NW	19386	4.063818216366031
DCA	AS	19930	4.577610016571533
DCA	DL	19790	4.816956883931965
DCA	CO	19704	5.165261123048605
DCA	AA	19805	5.351578584395696
DEN	RU	20374	-1.3960310612597067
DEN	TZ	20312	2.1078569985861444
DEN	FL	20437	5.21130773845231
DEN	US	20355	5.437857882968861
DEN	HP	19991	5.533559860553374
DEN	NW	19386	5.700035811685629
DEN	DL	19790	6.823001386128693
DEN	AA	19805	6.964889428343054
DEN	AS	19930	7.143765703517588
DEN	OH	20417	7.174814814814815
DET	WN	19393	6.884921714130308
DFW	RU	20374	2.4189666448659253
DFW	NW	19386	2.5319930628451464
DFW	TZ	20312	3.1741691842900304
DFW	TW	20211	4.31341533560462
DFW	F9	20436	4.8391704436203815
DFW	EA	19707	5.332710280373832
DFW	PA	20384	5.71485870556062
DFW	ML	20295	6.043026706231454
DFW	HP	19991	6.574894354421914
DFW	CO	19704	6.662624250390208
DHN	EV	20366	11.575268278006218
DLG	AS	19930	11.191815272062186
DLH	NW	19386	3.3452442924072283
DLH	9E	20363	6.399176954732511
DLH	MQ	20398	7.597909790979098
DRO	MQ	20398	1.9956521739130435
DRO	OO	20304	3.7841850289107675
DRO	RU	20374	4.179775280898877
DRO	HP	19991	5.100732138348902
DRO	YV	20378	5.774315118133063
DRO	AA	19805	8.319261213720317
DSM	US	20355	1.6507293354943273
DSM	NW	19386	2.2056963444718547
DSM	RU	20374	2.796832884097035
DSM	TW	20211	3.1703207939072238
DSM	ML	20295	3.5591603053435112
DSM	HP	19991	3.609083807610758
DSM	OH	20417	3.676523670692767
DSM	AA	19805	4.154786075528812
DSM	XE	20374	4.35924617196702
DSM	DH	20404	5.532934131736527
DTW	PA	20384	3.3009110396570205
DTW	F9	20436	3.675099488345651
DTW	DH	20404	4.907079646017699
DTW	US	20355	5.0301358771286155
DTW	ML	20295	5.041666666666667
DTW	AA	19805	5.3834484221896455
DTW	AL	20355	5.907028635180365
DTW	FL	20437	5.998285638929183
DTW	DL	19790	6.849403405282209
DTW	PI	19822	7.455131383242439
DUT	AS	19930	14.652296973655563
EAU	NW	19386	-2.5109447004608296
EAU	9E	20363	7.606060606060606
EFD	RU	20374	-2.043951769739401
EFD	CO	19704	3.3067552602436323
EGE	YV	20378	5.753795546558704
EGE	CO	19704	7.800237812128419
EGE	HP	19991	8.33993399339934
EGE	UA	19977	9.225654225654226
EGE	DL	19790	10.058518518518518
EGE	AA	19805	13.671946333737072
EGE	NW	19386	14.531400966183575
EGE	US	20355	16.931818181818183
EKO	OO	20304	2.3915168585866953
ELM	PI	19822	1.906631762652705
ELM	US	20355	2.9016337837073887
ELM	AL	20355	4.4894777864380355
ELM	9E	20363	4.539420935412027
ELP	US	20355	1.696669310071372
ELP	RU	20374	2.2473702069901593
ELP	OO	20304	2.297129294755877
ELP	UA	19977	2.46579476861167
ELP	CO	19704	2.6389384103064346
ELP	EV	20366	2.698101265822785
ELP	YV	20378	4.216352201257862
ELP	XE	20374	4.260250323694432
ELP	DL	19790	4.44793305228717
ELP	HP	19991	4.470176190986741
ERI	OH	20417	0.889821029082774
ERI	XE	20374	1.75
ERI	DH	20404	1.7935656836461127
ERI	RU	20374	2.671232876712329
ERI	NW	19386	3.7027027027027026
ERI	US	20355	4.372481203007519
ERI	9E	20363	4.5355163727959695
ERI	AL	20355	6.683193818415969
ERI	EV	20366	15.128798842257599
EUG	AA	19805	0.13136119155978485
EUG	XE	20374	2.8573059360730593
EUG	YV	20378	3.209279845335911
EUG	OO	20304	6.438459371919448
EUG	US	20355	7.82992700729927
EUG	AL	20355	8.760736196319018
EUG	UA	19977	10.593183635394457
EUG	PS	19391	11.683908045977011
EUG	CO	19704	16.593625498007967
EVV	DH	20404	1.8550600343053174
EVV	US	20355	2.75088512981904
EVV	OH	20417	3.077355118713301
EVV	9E	20363	3.351408825093036
EVV	AL	20355	3.5569917743830786
EVV	EA	19707	6.492795389048991
EVV	PI	19822	7.6235220908525205
EVV	MQ	20398	9.632253950258626
EVV	EV	20366	11.1614065427295
EWN	EV	20366	12.294164668265388
EWR	PA	20384	1.2306238185255198
EWR	AL	20355	7.347856444630638
EWR	NW	19386	7.829799215503515
EWR	TZ	20312	7.949896575499885
EWR	TW	20211	9.245217590122705
EWR	US	20355	9.268690706496796
EWR	AA	19805	9.338422528842065
EWR	UA	19977	10.306029390783278
EWR	EA	19707	10.369227433692274
EWR	PI	19822	10.66122290269272
EYW	EA	19707	3.0563002680965146
EYW	US	20355	3.5758941143339906
EYW	MQ	20398	4.329514621646066
EYW	PI	19822	4.87390315242119
EYW	EV	20366	19.42253811289658
FAI	DL	19790	4.309870772614793
FAI	NW	19386	5.394168466522678
FAI	AS	19930	5.778251542678567
FAI	UA	19977	7.405063291139241
FAR	UA	19977	1.7921967769296014
FAR	NW	19386	2.1110054789722548
FAR	AA	19805	4.183437221727516
FAR	9E	20363	7.3091168091168095
FAR	CO	19704	8.777777777777779
FAR	OO	20304	9.007039892725444
FAR	DH	20404	12.524441340782124
FAT	F9	20436	-1.4166666666666667
FAT	XE	20374	0.6559187279151943
FAT	MQ	20398	1.5828270337114898
FAT	AL	20355	1.8226466575716234
FAT	PS	19391	1.8859857482185274
FAT	US	20355	2.600878477306003
FAT	HP	19991	3.4943527367506517
FAT	YV	20378	3.982361353885269
FAT	AA	19805	4.548368522072937
FAT	DL	19790	5.936549840691852
FAY	AA	19805	1.4895963379109447
FAY	US	20355	1.9559663079082827
FAY	PI	19822	3.3717717717717717
FAY	DL	19790	5.3023255813953485
FAY	YV	20378	9.037735849056604
FAY	EV	20366	13.840431795878311
FCA	OO	20304	0.5329186106791084
FCA	XE	20374	0.8309859154929577
FCA	NW	19386	1.8561048807455378
FCA	EV	20366	2.57439446366782
FCA	HP	19991	9.316455696202532
FCA	DL	19790	13.647275706677592
FCA	9E	20363	18.737903225806452
FCA	YV	20378	18.964285714285715
FCA	US	20355	19.253731343283583
FLG	HP	19991	3.910067977218446
FLG	YV	20378	4.3786898503841485
FLL	OO	20304	-2.066666666666667
FLL	RU	20374	1.8571428571428572
FLL	TZ	20312	2.220049768929968
FLL	EV	20366	2.332692307692308
FLL	F9	20436	4.974226804123711
FLL	ML	20295	5.674226804123712
FLL	PA	20384	5.710483870967742
FLL	NW	19386	6.469674577646411
FLL	TW	20211	7.373306927891926
FLL	AL	20355	7.400247066090179
FLO	EV	20366	10.003970741901776
FMN	OO	20304	203.66666666666666
FNT	OO	20304	-1.1961290322580644
FNT	CO	19704	0.5680628272251309
FNT	NW	19386	2.4738129087290304
FNT	US	20355	2.900327466230045
FNT	DH	20404	4.8061224489795915
FNT	OH	20417	5.758921045237426
FNT	FL	20437	7.062439418416801
FNT	9E	20363	7.08810888252149
FNT	PI	19822	7.493207324276432
FNT	MQ	20398	12.428648941942486
FSD	OH	20417	0.11352002408912978
FSD	NW	19386	2.1512221010112924
FSD	AA	19805	2.73972602739726
FSD	TW	20211	4.57266210492017
FSD	DL	19790	5.955211207811505
FSD	UA	19977	6.747605257295612
FSD	9E	20363	6.861924686192468
FSD	CO	19704	9.776649746192893
FSD	MQ	20398	10.818993506493506
FSD	OO	20304	11.645129142097833
FSM	9E	20363	1.7356687898089171
FSM	MQ	20398	3.9448653768096333
FSM	EV	20366	12.167224080267559
FWA	NW	19386	0.9557845205257179
FWA	US	20355	1.978860294117647
FWA	OH	20417	2.3816134101623887
FWA	PI	19822	2.6936114732724903
FWA	AA	19805	4.472877358490566
FWA	DL	19790	4.923485653560043
FWA	MQ	20398	6.815330112721417
FWA	DH	20404	7.3531818181818185
FWA	OO	20304	12.251694915254237
FWA	EV	20366	13.768344218209759
GCC	OO	20304	-3.6272189349112427
GCC	YV	20378	10.36749116607774
GCN	HP	19991	3.7916205241786636
GEG	F9	20436	1.648235294117647
GEG	US	20355	2.317801047120419
GEG	OO	20304	3.104964873959502
GEG	NW	19386	3.3786445342736733
GEG	DL	19790	3.5662420382165605
GEG	XE	20374	3.8350414836505613
GEG	HP	19991	4.75819774718398
GEG	YV	20378	5.4438775510204085
GEG	CO	19704	5.479811097992916
GEG	WN	19393	6.361486307537476
GFK	NW	19386	2.0605510565019083
GFK	9E	20363	5.366718027734977
GGG	MQ	20398	0.8527534861734815
GJT	CO	19704	2.8655664750602634
GJT	HP	19991	4.270410195141378
GJT	OO	20304	5.651149872236418
GJT	MQ	20398	8.913319238900634
GJT	YV	20378	9.251721377101681
GJT	AA	19805	70.0
GLH	9E	20363	-5.5
GNV	YV	20378	0.13793103448275862
GNV	US	20355	4.142724601824648
GNV	EA	19707	5.204881656804734
GNV	DL	19790	5.896306975712543
GNV	PI	19822	6.752334152334153
GNV	EV	20366	12.840724132203952
GNV	OH	20417	52.0
GPT	CO	19704	1.2071269487750558
GPT	NW	19386	1.9686089856778497
GPT	RU	20374	3.4006583588055492
GPT	9E	20363	4.578606158833063
GPT	XE	20374	6.907891744371162
GPT	FL	20437	8.062579821200512
GPT	DL	19790	9.149122807017545
GPT	OH	20417	12.176470588235293
GPT	EV	20366	12.18444070647603
GPT	MQ	20398	13.796515679442509
GRB	DL	19790	-19.0
GRB	NW	19386	1.6872663842511837
GRB	OH	20417	1.9645843580914903
GRB	9E	20363	7.746890210924824
GRB	DH	20404	8.63356973995272
GRB	EV	20366	8.799398194583752
GRB	OO	20304	10.484048932597744
GRB	MQ	20398	11.385169927909372
GRB	YV	20378	24.533493975903614
GRK	RU	20374	5.248864209994952
GRK	MQ	20398	6.19874922685726
GRK	OO	20304	6.2265625
GRK	XE	20374	8.898398674765323
GRK	EV	20366	17.037037037037038
GRR	OH	20417	2.306296458242239
GRR	TW	20211	2.636861313868613
GRR	NW	19386	3.2326011676313584
GRR	US	20355	4.096069868995633
GRR	DL	19790	4.262092412301035
GRR	AL	20355	4.730192719486081
GRR	AA	19805	4.880521766965429
GRR	OO	20304	6.082422728691851
GRR	RU	20374	6.3114573110893035
GRR	UA	19977	7.676539625671753
GSO	NW	19386	1.5293906810035842
GSO	AL	20355	2.9015151515151514
GSO	AA	19805	3.699390272722976
GSO	DH	20404	3.7707174638487206
GSO	EA	19707	4.895509977827051
GSO	US	20355	5.408691847746828
GSO	9E	20363	6.9135593220338984
GSO	CO	19704	7.217965320641114
GSO	MQ	20398	7.355409617097061
GSO	DL	19790	7.520623971427571
GSP	AA	19805	0.6462304236979483
GSP	NW	19386	2.3702498618699734
GSP	AL	20355	3.648367952522255
GSP	US	20355	4.166611851120978
GSP	CO	19704	4.737683734453238
GSP	RU	20374	5.11684251660805
GSP	EA	19707	5.4608164650005655
GSP	DL	19790	5.483082001650536
GSP	9E	20363	5.844843253066788
GSP	PI	19822	6.036706689536878
GST	AS	19930	7.572732458642327
GTF	NW	19386	-0.7393832153690597
GTF	OO	20304	0.2606528781460254
GTF	UA	19977	1.3615900383141764
GTF	CO	19704	3.2871690427698574
GTF	DL	19790	11.506178287731686
GTF	9E	20363	12.750561797752809
GTR	EV	20366	11.636042402826854
GUC	CO	19704	-0.4481132075471698
GUC	RU	20374	-0.18064516129032257
GUC	YV	20378	5.317453963170537
GUC	UA	19977	6.3936170212765955
GUC	AA	19805	10.8758038585209
GUC	DL	19790	11.066390041493776
GUC	OO	20304	16.099290780141843
GUM	CO	19704	2.41002030162413
HDN	RU	20374	-4.121827411167513
HDN	YV	20378	3.907334525939177
HDN	XE	20374	4.962686567164179
HDN	UA	19977	5.230368763557483
HDN	CO	19704	6.225837320574163
HDN	HP	19991	6.357142857142857
HDN	EV	20366	7.2631578947368425
HDN	OO	20304	7.624699663623258
HDN	DL	19790	9.184339314845024
HDN	NW	19386	9.297992794647453
HHH	EV	20366	20.12447885646218
HKY	EV	20366	8.398387096774194
HLN	NW	19386	-2.3035413153457
HLN	OH	20417	-1.548478414720453
HLN	OO	20304	0.08538226299694189
HLN	DL	19790	4.730395333765392
HLN	9E	20363	9.923728813559322
HNL	HA	19690	-0.4136196127676688
HNL	EA	19707	0.0
HNL	YV	20378	0.1790302527973477
HNL	AQ	19678	1.8586180619274972
HNL	AA	19805	3.573261157139873
HNL	CO	19704	5.303478581731576
HNL	PA	20384	5.501167315175097
HNL	UA	19977	6.057387274995545
HNL	DL	19790	7.008182780255499
HNL	TZ	20312	7.8141996417521575
HOU	RU	20374	-4.244897959183674
HOU	NW	19386	2.7045661269783516
HOU	PA	20384	3.5319148936170213
HOU	CO	19704	4.727599087954204
HOU	UA	19977	5.455934574410847
HOU	DL	19790	6.401206519847638
HOU	TW	20211	6.693543256997455
HOU	OH	20417	6.69375
HOU	AA	19805	6.744753177652971
HOU	OO	20304	7.157635467980295
HPN	RU	20374	-1.4081838848193988
HPN	XE	20374	2.9073529411764705
HPN	NW	19386	4.194034287979387
HPN	US	20355	5.379388599652917
HPN	AA	19805	7.0129449838187705
HPN	UA	19977	7.771809724416359
HPN	FL	20437	8.154439612848927
HPN	B6	20409	8.407792207792207
HPN	OH	20417	9.168361314731616
HPN	DH	20404	10.845646992850133
HRL	RU	20374	1.1761060423480805
HRL	CO	19704	3.423596826329709
HRL	AA	19805	3.798222490020336
HRL	XE	20374	5.9480519480519485
HRL	WN	19393	7.008374022819845
HRL	MQ	20398	9.389548693586699
HSV	NW	19386	0.30199296600234465
HSV	US	20355	1.8561532925512774
HSV	AA	19805	1.9300499871827737
HSV	DH	20404	2.3827383642114777
HSV	UA	19977	3.4030136331021286
HSV	XE	20374	3.8885304659498208
HSV	EA	19707	3.8987792472024414
HSV	OO	20304	4.89859437751004
HSV	OH	20417	4.924768007070261
HSV	9E	20363	5.815265815265815
HTS	OH	20417	0.4440773949976404
HTS	PI	19822	3.7136690647482014
HTS	EV	20366	5.023777478689995
HTS	US	20355	5.356819936045871
HTS	AL	20355	6.270161290322581
HVN	OH	20417	5.683718028696195
HVN	UA	19977	7.9096153846153845
IAD	AL	20355	2.5851627554882666
IAD	NW	19386	3.5902656341077526
IAD	AA	19805	4.789591424223842
IAD	TW	20211	5.2995162404975815
IAD	CO	19704	6.5571100132074545
IAD	AS	19930	6.56600748262961
IAD	DL	19790	6.842246596066566
IAD	US	20355	7.523071909876989
IAD	RU	20374	8.125043490362536
IAD	WN	19393	8.887188612099644
IAH	NW	19386	3.5155891221954794
IAH	PA	20384	3.9015834348355662
IAH	PI	19822	3.9521674140508223
IAH	RU	20374	4.778434956196848
IAH	AL	20355	4.962449451184287
IAH	US	20355	5.031700807257127
IAH	F9	20436	5.549463301421526
IAH	AA	19805	5.616926765989229
IAH	TW	20211	6.027507886435331
IAH	WN	19393	6.213108817671555
ICT	NW	19386	-0.7053411932833155
ICT	RU	20374	0.30096833289714736
ICT	YV	20378	0.8154463390170511
ICT	AL	20355	2.031039136302294
ICT	TW	20211	3.498723879406604
ICT	AA	19805	3.7223796033994336
ICT	CO	19704	3.791060291060291
ICT	XE	20374	4.365946632782719
ICT	DL	19790	4.37206734750207
ICT	US	20355	5.009539384028345
IDA	XE	20374	-1.0757097791798107
IDA	OO	20304	1.7905440944421718
IDA	AA	19805	2.734437616884852
IDA	DL	19790	3.6928700509282075
IDA	9E	20363	12.342237061769616
ILE	MQ	20398	-0.09123020706455542
ILE	RU	20374	3.106936416184971
ILE	EV	20366	3.240102171136654
ILE	OO	20304	10.084251101321586
ILG	EV	20366	14.812413793103449
ILM	US	20355	2.2011284929543824
ILM	UA	19977	2.2857142857142856
ILM	YV	20378	4.9988062077198565
ILM	PI	19822	5.70830070477682
ILM	EV	20366	12.403682975266294
ILM	OH	20417	14.337662337662337
IND	PA	20384	-0.7437694704049844
IND	NW	19386	2.797500500073924
IND	RU	20374	3.7400771975821137
IND	F9	20436	4.081384471468662
IND	AA	19805	4.5040280210157615
IND	DL	19790	4.948127967618899
IND	EA	19707	4.978044363965595
IND	FL	20437	5.050223802001053
IND	TZ	20312	5.1066337719298245
IND	TW	20211	6.061648144265045
INL	9E	20363	6.168539325842697
IPL	OO	20304	3.1186161449752885
ISO	US	20355	1.8709167544783982
ISO	PI	19822	4.415804327375353
ISO	EV	20366	13.142128279883382
ISP	RU	20374	0.9251101321585903
ISP	CO	19704	3.191780821917808
ISP	AA	19805	3.5533325840170846
ISP	US	20355	4.389933375924067
ISP	PI	19822	4.514851485148514
ISP	DL	19790	5.366023368780359
ISP	MQ	20398	6.53558476881233
ISP	AL	20355	7.348446255731024
ISP	WN	19393	7.490485905282472
ISP	OH	20417	8.522935779816514
ITH	US	20355	1.611592817641838
ITH	PI	19822	1.8028169014084507
ITH	AL	20355	3.249061326658323
ITH	9E	20363	5.638888888888889
ITO	HA	19690	-3.4886818371856894
ITO	AQ	19678	-0.7374921686207823
ITO	TZ	20312	-0.725
ITO	YV	20378	0.7414709411966398
IYK	OO	20304	-0.4536908077994429
JAC	F9	20436	0.32608695652173914
JAC	NW	19386	4.0284810126582276
JAC	OO	20304	5.033939534344955
JAC	CO	19704	5.9105897273303745
JAC	DL	19790	6.1510728360823235
JAC	YV	20378	6.15590345727332
JAC	EV	20366	6.435672514619883
JAC	UA	19977	9.663262563826928
JAC	AA	19805	12.932138114209828
JAN	NW	19386	0.5389967045038447
JAN	AA	19805	2.222862632084534
JAN	OH	20417	3.04089552238806
JAN	RU	20374	3.801111111111111
JAN	UA	19977	3.826784282277466
JAN	OO	20304	4.975845410628019
JAN	TW	20211	5.8752408477842
JAN	9E	20363	5.887979861548144
JAN	DL	19790	7.166718418465042
JAN	MQ	20398	7.405040221216692
JAX	TW	20211	3.634455302207745
JAX	AA	19805	4.557089595712455
JAX	EA	19707	5.450951288625017
JAX	F9	20436	5.612121212121212
JAX	US	20355	6.006420964710796
JAX	NW	19386	6.1867600869775305
JAX	RU	20374	6.333220910623946
JAX	PI	19822	6.587375556026266
JAX	9E	20363	6.652820830750155
JAX	DL	19790	6.7586882928886505
JFK	RU	20374	5.042490842490842
JFK	UA	19977	5.947757743874249
JFK	CO	19704	8.153460171440518
JFK	DH	20404	8.750582376094465
JFK	AA	19805	10.014936862718617
JFK	B6	20409	11.112810106322168
JFK	PA	20384	11.29324855914372
JFK	NW	19386	11.554644968682316
JFK	DL	19790	11.902194222329914
JFK	AL	20355	12.378926038500506
JNU	DL	19790	7.583756345177665
JNU	AS	19930	11.177895957976512
KOA	HA	19690	-2.949123250716574
KOA	DL	19790	-1.4715909090909092
KOA	US	20355	-0.36529126213592233
KOA	NW	19386	-0.17845761631612492
KOA	YV	20378	1.555441478439425
KOA	AQ	19678	2.114314173551298
KOA	TW	20211	3.9338842975206614
KOA	UA	19977	6.115410376629399
KOA	AA	19805	11.674119241192411
KOA	TZ	20312	14.652173913043478
KSM	AS	19930	6.2330827067669174
KTN	AS	19930	8.261573681532983
LAN	NW	19386	2.083229134104408
LAN	US	20355	2.4790541798547756
LAN	OH	20417	2.955071664829107
LAN	PI	19822	4.32012012012012
LAN	CO	19704	4.372289156626506
LAN	9E	20363	6.098983050847457
LAN	DH	20404	6.834924078091106
LAN	OO	20304	12.077818423678085
LAN	EV	20366	13.498144023756495
LAN	YV	20378	23.595511221945138
LAS	AQ	19678	1.3084260731319555
LAS	PS	19391	3.3534361851332397
LAS	XE	20374	3.3785103785103785
LAS	TZ	20312	3.445901033973412
LAS	HA	19690	4.736703006276842
LAS	NW	19386	5.266846791689404
LAS	FL	20437	5.417623698615434
LAS	F9	20436	5.455775234131114
LAS	DL	19790	5.825507726548471
LAS	AL	20355	6.024120420747189
LAW	MQ	20398	1.9581682364404027
LAW	EV	20366	5.409610983981693
LAX	RU	20374	1.9483870967741936
LAX	MQ	20398	2.3999781429195917
LAX	OO	20304	4.214091664994122
LAX	FL	20437	4.687786465354543
LAX	TZ	20312	4.758883883883884
LAX	PS	19391	4.805362462760676
LAX	NW	19386	5.092927555814882
LAX	F9	20436	5.721227898904436
LAX	HA	19690	5.817644661776691
LAX	YV	20378	6.036279069767442
LBB	AA	19805	3.2835110237035505
LBB	EV	20366	3.414685908319185
LBB	HP	19991	3.8808246258119174
LBB	DL	19790	4.1452547452547455
LBB	RU	20374	4.1659799882283695
LBB	XE	20374	4.3685800604229605
LBB	CO	19704	4.9436
LBB	WN	19393	6.338118387189019
LBB	MQ	20398	7.480823108878369
LBB	OO	20304	120.0
LCH	RU	20374	1.514572864321608
LCH	XE	20374	6.381040892193308
LEX	NW	19386	1.2617801047120418
LEX	TW	20211	2.08870618779749
LEX	OH	20417	3.7798623687069903
LEX	YV	20378	4.142118863049095
LEX	US	20355	4.507411216649525
LEX	AL	20355	4.719406674907293
LEX	PI	19822	4.995125121871953
LEX	9E	20363	5.421705426356589
LEX	DL	19790	6.2391067749834805
LEX	RU	20374	7.270212351451393
LFT	CO	19704	3.208621390809272
LFT	RU	20374	3.4863028709182555
LFT	XE	20374	5.237620984710338
LFT	MQ	20398	6.700522240230506
LFT	EV	20366	13.696192931897468
LGA	PA	20384	1.9918658660926702
LGA	RU	20374	3.2013510977669357
LGA	ML	20295	5.366395895681915
LGA	DL	19790	6.660553628271353
LGA	CO	19704	7.1693750555604945
LGA	TW	20211	7.294845327828188
LGA	AL	20355	7.634733505052506
LGA	TZ	20312	7.985206169342146
LGA	AA	19805	8.305601901450089
LGA	US	20355	8.44230925623504
LGB	YV	20378	0.2370275464445868
LGB	OO	20304	1.1703703703703703
LGB	XE	20374	1.766089108910891
LGB	CO	19704	3.263710618436406
LGB	DL	19790	3.333728512151749
LGB	AA	19805	3.3918362403100777
LGB	TW	20211	3.4035420619860846
LGB	HP	19991	3.8525401069518717
LGB	B6	20409	4.821167586878857
LGB	PS	19391	4.949704142011834
LIH	HA	19690	-2.8005761424643185
LIH	AQ	19678	-0.5900973157951022
LIH	YV	20378	-0.392561337709017
LIH	DL	19790	-0.3106060606060606
LIH	AS	19930	0.11475409836065574
LIH	US	20355	3.0485312899106
LIH	UA	19977	3.2507639419404124
LIH	AA	19805	6.588446358091137
LIH	TZ	20312	12.248062015503876
LIT	NW	19386	1.1113012906508766
LIT	US	20355	1.9834076275383854
LIT	AA	19805	2.3315499080421334
LIT	YV	20378	2.551912568306011
LIT	UA	19977	3.79941409615716
LIT	RU	20374	4.517483499508496
LIT	TW	20211	4.930968967701077
LIT	OH	20417	5.668073136427567
LIT	DL	19790	6.505519505305749
LIT	CO	19704	6.875
LMT	OO	20304	10.650375939849624
LNK	HP	19991	3.7753623188405796
LNK	TW	20211	4.257579160116776
LNK	CO	19704	5.394871794871795
LNK	9E	20363	5.66598674145844
LNK	MQ	20398	7.159682899207248
LNK	UA	19977	8.12293705272382
LNK	OO	20304	9.92170267067724
LNK	DH	20404	11.820776255707763
LNK	YV	20378	32.83725490196078
LNY	HA	19690	-4.6367041198501875
LRD	RU	20374	0.8126140213708627
LRD	XE	20374	0.9375302663438256
LRD	MQ	20398	7.507783615489394
LSE	NW	19386	0.9511708433593521
LSE	9E	20363	6.238372093023256
LSE	MQ	20398	8.050600961538462
LWB	AA	19805	-0.6309523809523809
LWB	US	20355	2.4030172413793105
LWB	EV	20366	10.435336976320583
LWS	OO	20304	0.9147879251050821
LYH	US	20355	2.895022624434389
LYH	PI	19822	5.754920337394564
LYH	EV	20366	6.858597075698686
MAF	AA	19805	2.71238497886098
MAF	RU	20374	3.124719295215063
MAF	CO	19704	3.1254429482636428
MAF	EV	20366	3.7725631768953067
MAF	HP	19991	4.567725940951093
MAF	WN	19393	5.575805563205728
MAF	MQ	20398	7.22774979009236
MAF	XE	20374	7.507985049269453
MAZ	MQ	20398	4.307142857142857
MBS	NW	19386	0.7810749361273235
MBS	CO	19704	2.5258426966292133
MBS	US	20355	2.7761194029850746
MBS	9E	20363	5.143175074183977
MBS	UA	19977	7.5177751318251405
MBS	DH	20404	10.627257799671593
MBS	OO	20304	11.501576382917742
MBS	YV	20378	24.488597491448118
MCI	PA	20384	2.0072289156626506
MCI	NW	19386	2.1530700081721603
MCI	F9	20436	2.7558785805899957
MCI	AL	20355	2.769959404600812
MCI	ML	20295	4.0730176839703365
MCI	RU	20374	4.633488581730769
MCI	CO	19704	5.500256366433089
MCI	TW	20211	5.654624906078222
MCI	US	20355	5.674606526452122
MCI	DL	19790	6.022652483355016
MCN	EV	20366	12.640786598689003
MCN	OH	20417	59.0
MCO	RU	20374	-0.1478029294274301
MCO	TZ	20312	2.5316615298402914
MCO	F9	20436	3.7638795986622076
MCO	XE	20374	4.520681265206813
MCO	PA	20384	4.961310203149965
MCO	EV	20366	5.010402684563759
MCO	AL	20355	5.056517775752051
MCO	NW	19386	5.378843923244833
MCO	MQ	20398	6.680820512820513
MCO	ML	20295	6.81266149870801
MDT	RU	20374	-4.433750401026628
MDT	XE	20374	-3.00990099009901
MDT	NW	19386	0.48348577235772355
MDT	US	20355	2.579827829885648
MDT	TW	20211	3.5042847725774555
MDT	AA	19805	5.430888990645647
MDT	DL	19790	5.793002216763525
MDT	AL	20355	7.115617715617716
MDT	DH	20404	7.413896457765667
MDT	OH	20417	7.749963186570461
MDW	DH	20404	1.1335830212234708
MDW	RU	20374	4.049456943366951
MDW	TW	20211	4.07287666339198
MDW	NW	19386	4.425931700174885
MDW	F9	20436	4.521622474747475
MDW	US	20355	5.317978921264724
MDW	AL	20355	5.676171079429735
MDW	AA	19805	6.161633807503535
MDW	UA	19977	6.439182282793867
MDW	ML	20295	6.8089694775607015
MEI	EV	20366	12.090738849165815
MEM	CO	19704	2.5588835942818244
MEM	AL	20355	3.0507692307692307
MEM	US	20355	3.099080774496382
MEM	F9	20436	3.4536741214057507
MEM	PI	19822	4.774705349048051
MEM	AA	19805	4.824154118461894
MEM	TW	20211	4.836421386977237
MEM	NW	19386	5.811031258612889
MEM	OH	20417	6.278347107438017
MEM	9E	20363	7.395107042174896
MFE	TW	20211	-0.6469072164948454
MFE	RU	20374	4.037795275590551
MFE	AA	19805	4.194259205566831
MFE	XE	20374	4.624944121591417
MFE	CO	19704	4.648688391145655
MFE	EV	20366	16.78396072013093
MFR	YV	20378	4.050669772859639
MFR	US	20355	6.22780487804878
MFR	AL	20355	7.784403669724771
MFR	PS	19391	8.379888268156424
MFR	OO	20304	8.538034729595507
MFR	UA	19977	12.045899632802938
MFR	CO	19704	17.074285714285715
MGM	OO	20304	0.03296703296703297
MGM	US	20355	1.3282548476454294
MGM	YV	20378	2.256880733944954
MGM	NW	19386	3.643858202802968
MGM	RU	20374	4.53392658509455
MGM	9E	20363	4.595954356846473
MGM	DL	19790	5.536966255323796
MGM	XE	20374	5.583566760037348
MGM	EV	20366	13.43495836852902
MHT	9E	20363	1.2569444444444444
MHT	NW	19386	3.0493430448443304
MHT	CO	19704	3.8942579862515165
MHT	DL	19790	4.275195239866121
MHT	US	20355	5.376929520162737
MHT	RU	20374	5.959418070444104
MHT	DH	20404	6.377049180327869
MHT	OH	20417	8.600713921468639
MHT	AL	20355	8.745555555555555
MHT	UA	19977	8.763776926126603
MIA	9E	20363	-3.6666666666666665
MIA	EV	20366	1.2026431718061674
MIA	RU	20374	1.2834285714285714
MIA	TZ	20312	1.782243551289742
MIA	XE	20374	2.745644599303136
MIA	PA	20384	4.0265078920734725
MIA	NW	19386	4.423477675861051
MIA	US	20355	5.990861974904528
MIA	UA	19977	6.808275094316285
MIA	ML	20295	7.512145748987854
MIB	NW	19386	-7.136363636363637
MKC	OO	20304	8.0
MKE	AL	20355	1.7880613362541073
MKE	AA	19805	2.789301588923517
MKE	F9	20436	3.3226018396846255
MKE	CO	19704	3.5373156020638037
MKE	US	20355	3.7118045669381017
MKE	9E	20363	3.726775956284153
MKE	NW	19386	3.8017263815389954
MKE	DL	19790	4.391788613069495
MKE	UA	19977	4.596478174603175
MKE	TW	20211	4.707338030589448
MKG	OO	20304	2.8282051282051284
MKK	HA	19690	-2.966292134831461
MLB	AA	19805	1.2218085106382979
MLB	DL	19790	3.6470058532192704
MLB	US	20355	3.9703898840885143
MLB	PI	19822	4.152777777777778
MLB	EA	19707	4.726641998149861
MLB	CO	19704	8.047208352246937
MLB	OH	20417	8.932130991931656
MLB	EV	20366	11.134493670886076
MLI	AA	19805	1.6291161178509532
MLI	NW	19386	2.3029223093371347
MLI	OH	20417	3.1273584905660377
MLI	TW	20211	3.3656913794528474
MLI	HP	19991	5.351485148514851
MLI	UA	19977	5.6828644501278776
MLI	9E	20363	5.986117043998291
MLI	FL	20437	7.3886390887290165
MLI	MQ	20398	8.691744419511043
MLI	OO	20304	10.722559186069262
MLU	RU	20374	-0.20951585976627712
MLU	OO	20304	4.231925968768074
MLU	XE	20374	5.377431906614786
MLU	DL	19790	7.169996539030299
MLU	MQ	20398	7.326486949080017
MLU	EV	20366	9.691068189094013
MOB	NW	19386	1.2025912838633688
MOB	YV	20378	1.6205128205128205
MOB	AA	19805	1.6626264554304258
MOB	RU	20374	2.469272575250836
MOB	US	20355	3.1646565285789197
MOB	CO	19704	3.301405517959396
MOB	9E	20363	3.9423361261705274
MOB	OO	20304	3.9813084112149535
MOB	XE	20374	4.7187056485949475
MOB	EA	19707	5.435288039266339
MOD	OO	20304	10.149878912906987
MOT	CO	19704	0.8210474063042938
MOT	NW	19386	1.4570187999445703
MQT	MQ	20398	8.08421258304025
MRY	MQ	20398	0.8656133344908412
MRY	US	20355	1.5276615527661552
MRY	PS	19391	1.7336561743341405
MRY	YV	20378	2.54770604953309
MRY	AL	20355	2.8168389955686854
MRY	XE	20374	6.1946437111429935
MRY	OO	20304	8.14312768825833
MRY	UA	19977	8.43136943937832
MSN	US	20355	1.016724336793541
MSN	OH	20417	1.4930429522081066
MSN	NW	19386	2.375988157372646
MSN	AA	19805	3.106382978723404
MSN	TW	20211	3.901664145234493
MSN	DH	20404	5.494684620836287
MSN	UA	19977	5.853216999050332
MSN	RU	20374	6.747801345059493
MSN	9E	20363	6.963830871115639
MSN	OO	20304	10.164528055676382
MSO	NW	19386	2.6777216487297753
MSO	OO	20304	2.970633342800341
MSO	EV	20366	3.076923076923077
MSO	UA	19977	4.446808510638298
MSO	DL	19790	4.805567478079588
MSO	CO	19704	4.836976744186047
MSO	9E	20363	52.5
MSP	TZ	20312	0.3025632434243592
MSP	AS	19930	2.0
MSP	ML	20295	3.762617621899059
MSP	US	20355	4.418075407990996
MSP	EA	19707	4.6734375
MSP	TW	20211	4.727388790146945
MSP	CO	19704	5.788122237170863
MSP	AL	20355	5.941919191919192
MSP	F9	20436	5.980165289256198
MSP	DL	19790	6.079981718464351
MSY	9E	20363	-0.875
MSY	RU	20374	1.9586155003762227
MSY	NW	19386	2.009625272510386
MSY	HP	19991	2.8052557484748943
MSY	PI	19822	3.6431372549019607
MSY	F9	20436	4.464285714285714
MSY	XE	20374	5.109063893016344
MSY	US	20355	5.673827521285863
MSY	DL	19790	5.78679600861946
MSY	AA	19805	5.788070971778855
MTH	EV	20366	15.968253968253968
MTJ	RU	20374	0.9258343634116193
MTJ	CO	19704	2.739570164348925
MTJ	XE	20374	3.232741617357002
MTJ	YV	20378	3.5680335507921717
MTJ	OO	20304	4.611302475780409
MTJ	AA	19805	7.293913043478261
MTJ	UA	19977	7.75763358778626
MTJ	MQ	20398	15.007530120481928
MTJ	DL	19790	24.558823529411764
MYR	AA	19805	-1.0686274509803921
MYR	NW	19386	1.074766355140187
MYR	US	20355	1.9916245902031635
MYR	AL	20355	3.466076696165192
MYR	OH	20417	6.264502617801047
MYR	PI	19822	6.278022208254766
MYR	RU	20374	7.336886993603412
MYR	DL	19790	7.531516183986372
MYR	YV	20378	9.676770538243627
MYR	9E	20363	9.799256505576208
OAJ	US	20355	2.27958526993207
OAJ	PI	19822	5.2121913580246915
OAJ	YV	20378	10.0
OAJ	EV	20366	12.78390243902439
OAK	HA	19690	-16.666666666666668
OAK	YV	20378	1.036085626911315
OAK	PS	19391	2.1017797552836486
OAK	NW	19386	2.221052631578947
OAK	B6	20409	3.765202154584983
OAK	US	20355	4.143296065545788
OAK	HP	19991	4.430073168472724
OAK	AL	20355	4.449830194504477
OAK	CO	19704	4.468212337389844
OAK	OO	20304	4.5268718137706525
OGD	OO	20304	172.4
OGG	HA	19690	-1.449582456221518
OGG	CO	19704	0.7888067581837381
OGG	YV	20378	0.7909407665505227
OGG	AQ	19678	2.239614111281193
OGG	HP	19991	2.4
OGG	NW	19386	3.652956298200514
OGG	US	20355	3.9914529914529915
OGG	TZ	20312	4.7741290691033695
OGG	AA	19805	4.930153846153846
OGG	DL	19790	5.848598942871624
OKC	NW	19386	0.02237991266375546
OKC	F9	20436	1.2769953051643192
OKC	CO	19704	3.265737924719579
OKC	AA	19805	3.9893404822314773
OKC	EA	19707	4.018518518518518
OKC	TW	20211	4.627842815599135
OKC	UA	19977	5.002240457053239
OKC	RU	20374	5.046998098342842
OKC	OH	20417	5.17734593837535
OKC	DL	19790	6.016392337887696
OMA	YV	20378	0.23177083333333334
OMA	US	20355	2.132057184395445
OMA	F9	20436	2.1993388429752065
OMA	NW	19386	2.499623193545527
OMA	EA	19707	3.1798107255520507
OMA	CO	19704	3.37981129249663
OMA	AA	19805	4.142514516536228
OMA	ML	20295	4.2764423076923075
OMA	DL	19790	4.551833740831296
OMA	TW	20211	4.652417361754711
OME	AS	19930	9.859072348445189
ONT	CO	19704	2.602206359506814
ONT	YV	20378	3.154281098546042
ONT	HP	19991	3.50697093474665
ONT	AA	19805	3.8766573699831466
ONT	TZ	20312	4.093117408906883
ONT	NW	19386	4.228889627659575
ONT	TW	20211	4.514792899408284
ONT	RU	20374	4.746478873239437
ONT	DL	19790	5.038222449541645
ONT	US	20355	5.12125
ORD	AL	20355	6.019211324570273
ORD	NW	19386	6.2167736535276195
ORD	PA	20384	6.831945889698231
ORD	PI	19822	7.830900493421052
ORD	DL	19790	8.601522936686347
ORD	EA	19707	8.804572098475967
ORD	TW	20211	9.580761684727799
ORD	US	20355	10.066184514403792
ORD	RU	20374	10.448916749147696
ORD	CO	19704	11.24581500636409
ORF	PA	20384	0.0
ORF	TW	20211	3.4834564942413953
ORF	AA	19805	4.56259680786585
ORF	EA	19707	4.620053956834532
ORF	NW	19386	5.184880657779197
ORF	AL	20355	5.440568475452197
ORF	DL	19790	5.551182912213302
ORF	US	20355	6.040817237316577
ORF	WN	19393	7.289812624385115
ORF	RU	20374	7.791088654111162
ORH	US	20355	3.40387153541575
ORH	PI	19822	3.8478048780487804
ORH	NW	19386	4.115081450341566
ORH	MQ	20398	8.045731707317072
ORH	CO	19704	8.323595505617977
OTH	OO	20304	14.052044609665428
OTZ	AS	19930	9.519756508505898
OXR	OO	20304	1.1052051168945742
PBI	F9	20436	-2.645390070921986
PBI	RU	20374	0.9113218070273285
PBI	XE	20374	2.2694414019715223
PBI	NW	19386	5.213458497015458
PBI	ML	20295	5.4109396914446
PBI	AL	20355	5.61630558722919
PBI	AA	19805	6.169466228867602
PBI	US	20355	6.405870337563771
PBI	WN	19393	6.53250603240262
PBI	PI	19822	6.927372685185185
PDX	OO	20304	1.8679930687488258
PDX	HA	19690	3.425168973286128
PDX	NW	19386	3.977437240104728
PDX	EA	19707	4.9044972208185955
PDX	F9	20436	5.0
PDX	XE	20374	5.2342342342342345
PDX	AA	19805	5.260768238378626
PDX	CO	19704	5.2782575173477255
PDX	TW	20211	5.417521973348455
PDX	YV	20378	5.696428571428571
PFN	OH	20417	1.9136842105263159
PFN	NW	19386	2.2699300699300697
PFN	9E	20363	4.370010235414535
PFN	OO	20304	4.959090909090909
PFN	DL	19790	6.0298808432630615
PFN	EV	20366	14.278269292864062
PHF	US	20355	3.3334641035700274
PHF	DL	19790	3.970625798212005
PHF	AL	20355	4.261964735516373
PHF	YV	20378	5.11377245508982
PHF	FL	20437	9.114951494174425
PHF	OH	20417	12.282296650717702
PHF	EV	20366	12.82482552342971
PHL	CO	19704	4.667376992376992
PHL	RU	20374	4.699566160520607
PHL	NW	19386	5.367983131608596
PHL	TZ	20312	5.569193742478941
PHL	ML	20295	6.564053537284895
PHL	F9	20436	6.6460355987055015
PHL	PA	20384	6.7041707080504365
PHL	AA	19805	6.775276833381122
PHL	XE	20374	6.791059280855199
PHL	PI	19822	7.162133559106784
PHX	FL	20437	1.1065292096219932
PHX	OH	20417	1.108695652173913
PHX	MQ	20398	2.6702127659574466
PHX	HA	19690	2.9780581459133297
PHX	RU	20374	3.032766990291262
PHX	TZ	20312	3.5464949928469243
PHX	EV	20366	4.471925754060325
PHX	OO	20304	4.968890795966531
PHX	CO	19704	5.258538439359388
PHX	DL	19790	5.274224076667066
PIA	NW	19386	0.912106135986733
PIA	AA	19805	2.9446009389671364
PIA	9E	20363	3.6012345679012348
PIA	TW	20211	3.6842617841838723
PIA	UA	19977	4.011181134376906
PIA	MQ	20398	7.421637669152168
PIA	DH	20404	8.973856209150327
PIA	EV	20366	12.081114225648212
PIA	OO	20304	12.562254483347566
PIE	AA	19805	-0.2727272727272727
PIE	TZ	20312	1.4663978494623655
PIH	EV	20366	0.0
PIH	OO	20304	0.5373876458213808
PIR	9E	20363	45.5
PIT	TZ	20312	1.1195039458850056
PIT	NW	19386	2.816964593829802
PIT	DL	19790	4.1355171325360365
PIT	AA	19805	4.322123104371097
PIT	HP	19991	4.5430690245293786
PIT	DH	20404	5.1460796303845635
PIT	TW	20211	5.148513815238627
PIT	PI	19822	5.98410535876476
PIT	EA	19707	6.105703422053232
PIT	FL	20437	6.115810179493484
PLN	NW	19386	-7.666666666666667
PLN	9E	20363	5.92442645074224
PMD	HP	19991	2.7921903052064634
PMD	OO	20304	11.11111111111111
PNS	AA	19805	0.9370584457289659
PNS	RU	20374	2.646799580272823
PNS	US	20355	3.0979652728855
PNS	OO	20304	3.4214285714285713
PNS	CO	19704	3.499203821656051
PNS	YV	20378	3.848093841642229
PNS	9E	20363	5.115266393442623
PNS	EA	19707	5.723665480427046
PNS	OH	20417	6.180027173913044
PNS	DL	19790	6.213913422380131
PSC	PS	19391	0.6451612903225806
PSC	OO	20304	2.670685434516524
PSC	DL	19790	2.871416345742405
PSC	AL	20355	2.9665924276169267
PSC	EV	20366	8.198757763975156
PSC	US	20355	10.435114503816793
PSE	AA	19805	-0.9291338582677166
PSE	CO	19704	0.9153976311336718
PSE	B6	20409	2.5620111731843576
PSE	EA	19707	22.716666666666665
PSG	AS	19930	11.664551639782891
PSP	RU	20374	-1.8875951634572323
PSP	TW	20211	1.2953381837779574
PSP	XE	20374	2.7370689655172415
PSP	MQ	20398	2.759946949602122
PSP	HP	19991	3.0191211852602255
PSP	CO	19704	3.5689655172413794
PSP	NW	19386	3.742220353238015
PSP	YV	20378	4.543955109675225
PSP	DL	19790	4.6426735218509
PSP	OO	20304	6.478477370808897
PUB	TW	20211	-1.4366848969289019
PUB	HP	19991	2.750564617314931
PUB	XE	20374	27.0
PUB	OO	20304	104.0
PVD	NW	19386	2.1244217358282125
PVD	CO	19704	4.817193270414444
PVD	AA	19805	4.9712079105538685
PVD	US	20355	5.067121358796093
PVD	DL	19790	5.648237579794616
PVD	EA	19707	6.032177444548578
PVD	DH	20404	6.861821903787104
PVD	OH	20417	7.17834577828834
PVD	AL	20355	7.224614280588447
PVD	UA	19977	7.992632371721405
PVU	EV	20366	0.0
PWM	TW	20211	1.998109640831758
PWM	DL	19790	3.7564176355473697
PWM	FL	20437	3.7843373493975903
PWM	NW	19386	5.861823361823362
PWM	US	20355	6.680199520141432
PWM	OO	20304	6.966666666666667
PWM	UA	19977	7.74265074746664
PWM	CO	19704	7.969109520789926
PWM	MQ	20398	8.398131784902802
PWM	AL	20355	8.49518161601186
RAP	EV	20366	-2.0
RAP	XE	20374	-0.08823529411764706
RAP	DL	19790	0.27522379001668945
RAP	NW	19386	2.03375723738627
RAP	9E	20363	2.5460526315789473
RAP	OO	20304	3.4405265632346027
RAP	UA	19977	3.801782273603083
RAP	CO	19704	4.7478991596638656
RAP	YV	20378	7.352619589977221
RDD	OO	20304	10.488097352993426
RDD	UA	19977	22.36842105263158
RDM	US	20355	3.1528662420382165
RDM	OO	20304	5.530524364984193
RDM	AL	20355	8.03323262839879
RDM	PS	19391	9.6
RDM	AS	19930	14.674603174603174
RDR	NW	19386	-1.326086956521739
RDU	HP	19991	3.696704067321178
RDU	TW	20211	3.805841461443121
RDU	9E	20363	4.643686006825939
RDU	NW	19386	4.702608018684313
RDU	DL	19790	4.918550679691942
RDU	US	20355	5.869190885121301
RDU	RU	20374	5.8865826538176425
RDU	DH	20404	5.9642278180049715
RDU	AL	20355	6.185222672064778
RDU	AA	19805	6.362802310281472
RFD	OO	20304	1.7009102730819246
RHI	9E	20363	6.258241758241758
RIC	NW	19386	3.2136182492785488
RIC	AA	19805	4.075280362681937
RIC	DH	20404	4.825363825363826
RIC	EA	19707	4.951166180758017
RIC	OO	20304	5.035714285714286
RIC	US	20355	5.200045630846452
RIC	AL	20355	5.308277830637488
RIC	DL	19790	5.659014761983745
RIC	TW	20211	6.82303664921466
RIC	CO	19704	6.9131837307152875
RKS	OO	20304	-2.7590361445783134
RKS	YV	20378	2.569007263922518
RNO	F9	20436	-2.2831858407079646
RNO	AQ	19678	-0.17903930131004367
RNO	CO	19704	3.635843947447598
RNO	XE	20374	4.23625
RNO	YV	20378	4.712876171682289
RNO	HP	19991	4.929140535636808
RNO	NW	19386	5.147996661101836
RNO	TW	20211	5.39368823716927
RNO	US	20355	5.701712827988338
RNO	EA	19707	6.680124223602484
ROA	DH	20404	3.201832590391283
ROA	OH	20417	3.3736536868268434
ROA	US	20355	3.839161648911533
ROA	EA	19707	4.333333333333333
ROA	9E	20363	4.829931972789115
ROA	PI	19822	6.230538922155689
ROA	EV	20366	13.404550179004504
ROA	OO	20304	18.565274725274726
ROA	YV	20378	21.553644553644553
ROC	NW	19386	2.4735374935287324
ROC	DH	20404	4.27933322544101
ROC	FL	20437	4.321325467553659
ROC	AA	19805	5.575084288604181
ROC	AL	20355	6.005731102850062
ROC	PI	19822	6.222698389241909
ROC	OO	20304	6.291666666666667
ROC	US	20355	6.334876940228111
ROC	EA	19707	6.603164942178941
ROC	CO	19704	6.937119072394827
ROP	CO	19704	-2.062944718117132
ROR	CO	19704	5.538005923000987
ROW	MQ	20398	8.591493570722058
RST	NW	19386	-0.25323137026723747
RST	TW	20211	3.056603773584906
RST	AA	19805	4.144690966719493
RST	9E	20363	5.071913929784825
RST	MQ	20398	10.073972602739726
RSW	EV	20366	-0.6666666666666666
RSW	RU	20374	1.1103526734926052
RSW	TZ	20312	1.9135833755701976
RSW	AL	20355	2.6003879728419013
RSW	MQ	20398	2.7874755381604697
RSW	F9	20436	3.220472440944882
RSW	TW	20211	3.883257667006393
RSW	XE	20374	4.345360824742268
RSW	PI	19822	4.460663507109005
RSW	US	20355	5.22542462315141
SAN	MQ	20398	0.3577665441176471
SAN	PA	20384	1.2613226452905812
SAN	AQ	19678	2.9791666666666665
SAN	OO	20304	3.1446404940449932
SAN	DH	20404	3.583756345177665
SAN	NW	19386	3.79007703595011
SAN	CO	19704	4.152095948222656
SAN	PS	19391	4.29964953271028
SAN	YV	20378	4.506152125279642
SAN	FL	20437	4.936390532544379
SAT	PA	20384	1.113278319579895
SAT	NW	19386	1.1347656922494234
SAT	RU	20374	1.5471607314725697
SAT	F9	20436	2.033634719710669
SAT	TW	20211	2.4579419115745926
SAT	US	20355	3.1578875171467766
SAT	YV	20378	3.229147358665431
SAT	AL	20355	4.047659574468085
SAT	HP	19991	4.505917733798991
SAT	MQ	20398	4.5990126165661
SAV	US	20355	1.3391983108864647
SAV	AA	19805	3.6564332247557005
SAV	UA	19977	3.737543002996338
SAV	PI	19822	4.328305235137533
SAV	EA	19707	4.858089948037986
SAV	9E	20363	5.316723549488055
SAV	DL	19790	7.078366136868978
SAV	DH	20404	7.120935137985586
SAV	NW	19386	7.152974504249292
SAV	EV	20366	8.10908519333543
SBA	MQ	20398	0.8698941660106708
SBA	OH	20417	2.6829896907216493
SBA	AA	19805	2.7083065035415324
SBA	HP	19991	2.8090399439383322
SBA	YV	20378	5.636554282948863
SBA	OO	20304	6.2289977627717
SBA	XE	20374	10.619289340101522
SBA	UA	19977	11.422332716620414
SBA	CO	19704	19.194444444444443
SBN	RU	20374	-1.3793103448275863
SBN	HP	19991	0.0
SBN	NW	19386	1.9000906365474448
SBN	DL	19790	2.7851717902350814
SBN	US	20355	3.068271153713537
SBN	OH	20417	5.5881383855024716
SBN	PI	19822	6.784383318544809
SBN	DH	20404	6.929160739687055
SBN	OO	20304	13.27699530516432
SBN	EV	20366	15.214153732446416
SBP	MQ	20398	3.11110330781656
SBP	YV	20378	5.203217612193057
SBP	OO	20304	7.292544218998506
SCC	AS	19930	7.526605504587156
SCE	DH	20404	0.33164556962025316
SCE	OH	20417	0.5795374912403644
SCE	9E	20363	9.10919540229885
SCE	EV	20366	15.53968253968254
SCK	AL	20355	2.627232142857143
SCK	US	20355	2.7001499250374814
SCK	PS	19391	3.328
SCK	CO	19704	7.328389830508475
SDF	ML	20295	1.4031007751937985
SDF	NW	19386	3.413890168381186
SDF	TW	20211	3.9526122901218783
SDF	AA	19805	4.179325485799701
SDF	AL	20355	4.589233038348082
SDF	F9	20436	4.669491525423729
SDF	US	20355	4.70178983317539
SDF	9E	20363	5.095967330270546
SDF	DH	20404	5.193236714975845
SDF	EA	19707	5.267246214245653
SEA	OO	20304	2.6899285434960363
SEA	PS	19391	4.692200557103064
SEA	YV	20378	5.122262773722627
SEA	AL	20355	6.016398929049531
SEA	TZ	20312	6.345003933910307
SEA	US	20355	6.398543664427465
SEA	NW	19386	6.466075033647376
SEA	DL	19790	6.499247734289768
SEA	HA	19690	6.684251158003088
SEA	AA	19805	6.866121342658697
SFO	TZ	20312	3.9351390744564556
SFO	MQ	20398	4.782694005690179
SFO	F9	20436	5.155880905511811
SFO	PA	20384	5.283914272256241
SFO	NW	19386	5.71754840543584
SFO	PS	19391	6.256748428448169
SFO	DL	19790	6.51247507146694
SFO	CO	19704	7.047356540556675
SFO	US	20355	7.34771305641014
SFO	TW	20211	7.763070692194404
SGF	AA	19805	1.1546762589928057
SGF	OH	20417	2.9957705524715834
SGF	HP	19991	3.0854271356783918
SGF	TW	20211	3.483450082883268
SGF	NW	19386	4.138594802694899
SGF	CO	19704	4.559782608695652
SGF	UA	19977	5.974896153151526
SGF	9E	20363	8.06325110689437
SGF	MQ	20398	9.683253484320558
SGF	DH	20404	9.933638443935926
SGU	OO	20304	2.872996032824303
SHV	CO	19704	0.32857142857142857
SHV	NW	19386	1.1502958579881657
SHV	RU	20374	2.3625175808720114
SHV	AA	19805	3.080601401763509
SHV	MQ	20398	3.9713740458015265
SHV	TW	20211	5.26081011792856
SHV	XE	20374	6.141658599548242
SHV	DL	19790	6.475128679836429
SHV	9E	20363	7.76953125
SHV	OH	20417	9.163921568627451
SIT	AS	19930	8.172196796338673
SJC	TZ	20312	0.19581958195819582
SJC	YV	20378	0.260233918128655
SJC	F9	20436	1.9393197278911565
SJC	PS	19391	2.0636550308008212
SJC	XE	20374	2.7456608811748997
SJC	OO	20304	2.7552512629619783
SJC	NW	19386	2.7995947798105
SJC	EV	20366	2.8469827586206895
SJC	US	20355	2.8560365146470126
SJC	CO	19704	3.137261554701048
SJT	RU	20374	-4.297520661157025
SJT	MQ	20398	1.69709575533472
SJT	OO	20304	6.4529085872576175
SJU	PA	20384	-2.018867924528302
SJU	TZ	20312	3.6221613155833987
SJU	FL	20437	3.7618343195266273
SJU	DL	19790	6.842844985429507
SJU	B6	20409	6.925703294061073
SJU	AA	19805	6.981534968925252
SJU	MQ	20398	7.00705467372134
SJU	TW	20211	7.197326392996569
SJU	UA	19977	7.407190974758542
SJU	CO	19704	7.8458765410120614
SLC	NW	19386	2.152855566003025
SLC	RU	20374	2.1548556430446193
SLC	PA	20384	2.9984051036682615
SLC	YV	20378	3.441860465116279
SLC	B6	20409	3.8273493599750235
SLC	HP	19991	4.9062023797944425
SLC	OH	20417	5.038311180609852
SLC	OO	20304	5.1113301447776625
SLC	US	20355	5.201250252066949
SLC	F9	20436	5.426560232220609
SLE	OO	20304	2.364880273660205
SMF	AQ	19678	-1.9041986989946778
SMF	YV	20378	-0.057352941176470586
SMF	PS	19391	2.4189364461738
SMF	F9	20436	2.5418787598334105
SMF	AL	20355	3.452823445318084
SMF	AA	19805	3.92464387177369
SMF	CO	19704	3.9869887027658746
SMF	US	20355	4.179158110882957
SMF	NW	19386	4.435202728306177
SMF	HP	19991	4.511495309913555
SMX	OO	20304	2.2662769784172663
SNA	NW	19386	2.6455680040856713
SNA	CO	19704	2.763814074717637
SNA	F9	20436	2.897334878331402
SNA	TW	20211	3.854901635261891
SNA	MQ	20398	4.650396636178422
SNA	AQ	19678	4.693370165745856
SNA	US	20355	4.869852903751209
SNA	OO	20304	4.9370209732042065
SNA	PS	19391	4.945219123505976
SNA	AS	19930	4.949747257128893
SOP	EV	20366	25.241042345276874
SPI	AA	19805	2.83986562150056
SPI	OO	20304	15.2273276904474
SPI	YV	20378	30.311575282854655
SPN	UA	19977	-6.361290322580645
SPN	CO	19704	2.580244313395114
SPS	MQ	20398	2.6069259594262824
SRQ	TZ	20312	-0.38199697428139184
SRQ	RU	20374	-0.10726643598615918
SRQ	AA	19805	3.292172873929496
SRQ	YV	20378	3.4040219378427787
SRQ	UA	19977	3.830520393811533
SRQ	US	20355	3.945949940875049
SRQ	TW	20211	4.20647804576376
SRQ	NW	19386	4.665949686710932
SRQ	DL	19790	4.83318272525321
SRQ	XE	20374	5.109375
STL	AL	20355	2.23879380603097
STL	F9	20436	2.4846783625730993
STL	NW	19386	3.4433644859813084
STL	FL	20437	4.482456140350878
STL	PI	19822	4.7294887039239
STL	AA	19805	4.7669112318102975
STL	US	20355	5.4059773364847254
STL	ML	20295	6.053472649047326
STL	DL	19790	6.349224099370334
STL	OH	20417	6.368278218916474
STT	MQ	20398	0.4031746031746032
STT	PA	20384	1.7654277699859748
STT	AA	19805	4.823525127458121
STT	UA	19977	6.254930606281958
STT	CO	19704	6.746908254242163
STT	ML	20295	6.787735849056604
STT	US	20355	7.098977853492334
STT	DL	19790	10.13055359661495
STT	EA	19707	12.640052356020943
STT	NW	19386	31.454545454545453
STX	PA	20384	0.8939322671683914
STX	DL	19790	1.4655884377150723
STX	US	20355	3.233970753655793
STX	AA	19805	3.688856054125515
STX	CO	19704	5.509355509355509
STX	ML	20295	6.686915887850467
STX	MQ	20398	9.869047619047619
STX	EA	19707	12.903536977491962
STX	9E	20363	20.282608695652176
SUN	OO	20304	1.1428149896724697
SUN	HP	19991	14.538461538461538
SUX	NW	19386	1.3335511982570807
SUX	UA	19977	1.8782479584261322
SUX	TW	20211	3.225778793941126
SUX	HP	19991	4.766473569876901
SUX	9E	20363	8.08904109589041
SUX	OO	20304	420.0
SWF	AA	19805	3.1468812877263583
SWF	US	20355	4.1028427037271005
SWF	FL	20437	4.292095001772421
SWF	DH	20404	5.00650054171181
SWF	B6	20409	5.033819864720541
SWF	DL	19790	5.190690171678765
SWF	OH	20417	6.03269916765755
SWF	MQ	20398	8.747065101387406
SWF	9E	20363	10.85167837626854
SWF	EV	20366	18.63348192174344
SYR	NW	19386	1.7660962530313897
SYR	AL	20355	3.588581518540318
SYR	AA	19805	4.0898487617122194
SYR	EA	19707	4.534591194968553
SYR	DL	19790	4.886235152131106
SYR	TW	20211	5.104791995787257
SYR	CO	19704	5.4308151093439365
SYR	US	20355	5.868591920454237
SYR	DH	20404	6.590777681410812
SYR	PI	19822	6.720338656917453
TEX	YV	20378	10.609403254972875
TLH	FL	20437	-0.28046744574290483
TLH	9E	20363	3.768102658111824
TLH	US	20355	3.785863582526301
TLH	PI	19822	5.262913096695226
TLH	MQ	20398	5.447084233261339
TLH	EA	19707	5.513327780091628
TLH	OO	20304	5.948255114320096
TLH	DL	19790	6.626660822398159
TLH	YV	20378	6.631921824104235
TLH	RU	20374	6.748339973439575
TOL	PI	19822	1.8658318425760285
TOL	OH	20417	2.5129318482159713
TOL	TW	20211	2.827856025039124
TOL	US	20355	3.0621574489287493
TOL	AL	20355	4.821739130434783
TOL	DH	20404	4.909796573875803
TOL	DL	19790	5.874190974377161
TOL	MQ	20398	6.970972423802612
TOL	EV	20366	10.724050632911393
TPA	RU	20374	-0.09457364341085271
TPA	F9	20436	3.745683930942895
TPA	NW	19386	4.529693426242109
TPA	PA	20384	4.7351263243683785
TPA	XE	20374	4.963829787234043
TPA	AL	20355	5.2343966712898755
TPA	EV	20366	5.605637254901961
TPA	MQ	20398	5.691882702932427
TPA	AA	19805	6.050093611580437
TPA	DL	19790	6.248116545859254
TRI	YV	20378	-0.02962962962962963
TRI	US	20355	2.6678320026456275
TRI	AL	20355	3.158097686375321
TRI	OH	20417	3.5194233079695634
TRI	PI	19822	3.788224121557455
TRI	DH	20404	5.653061224489796
TRI	EV	20366	10.43010971149939
TRI	DL	19790	19.23009608785175
TTN	US	20355	2.5282308657465498
TTN	OH	20417	10.156862745098039
TUL	F9	20436	-4.0625
TUL	NW	19386	-0.5007022471910112
TUL	EA	19707	2.362962962962963
TUL	TW	20211	3.3332815473647415
TUL	CO	19704	3.486941477858735
TUL	OH	20417	5.073108709472346
TUL	UA	19977	5.437958280657396
TUL	DL	19790	5.438154091498056
TUL	AA	19805	5.5374548493180225
TUL	XE	20374	5.662162162162162
TUP	EV	20366	8.609951845906902
TUS	F9	20436	1.5881949210706932
TUS	NW	19386	2.197874149659864
TUS	US	20355	2.590626024254343
TUS	TW	20211	3.1211992345311503
TUS	CO	19704	3.659165799514395
TUS	OO	20304	3.8748524625344256
TUS	AL	20355	3.892210857592447
TUS	EV	20366	4.020833333333333
TUS	RU	20374	4.36624203821656
TUS	PS	19391	4.521541950113379
TVC	NW	19386	4.559659640301683
TVC	9E	20363	7.107903780068728
TVC	OH	20417	7.258620689655173
TVC	MQ	20398	10.970986460348163
TVC	EV	20366	14.092783505154639
TVC	OO	20304	14.788451303885045
TVC	DH	20404	18.52863436123348
TVC	YV	20378	19.87513572204126
TVL	AA	19805	3.849056603773585
TWF	UA	19977	2.0
TWF	OO	20304	3.963232150491663
TXK	MQ	20398	1.8826230280197787
TXK	RU	20374	1.945945945945946
TXK	OO	20304	2.8210609659540777
TXK	EV	20366	3.980997624703088
TYR	EV	20366	0.0
TYR	MQ	20398	1.4118346156251955
TYR	OO	20304	4.187596104561763
TYR	RU	20374	6.650887573964497
TYS	NW	19386	1.408107616796946
TYS	AA	19805	2.08289817232376
TYS	US	20355	2.379929732103645
TYS	AL	20355	3.201025641025641
TYS	PI	19822	3.201623815967524
TYS	OH	20417	4.039543057996485
TYS	TW	20211	4.347362716763006
TYS	DL	19790	5.402446933445514
TYS	DH	20404	6.286933601104557
TYS	RU	20374	6.837790949833743
UCA	US	20355	3.2363636363636363
UCA	PI	19822	5.634530560806553
VCT	RU	20374	0.9559471365638766
VCT	OO	20304	2.7630057803468207
VIS	OO	20304	0.14099783080260303
VLD	EV	20366	11.618171279524706
VPS	NW	19386	1.5311602461819012
VPS	RU	20374	1.811284046692607
VPS	OO	20304	5.618421052631579
VPS	XE	20374	5.888706140350878
VPS	OH	20417	8.388724035608309
VPS	DL	19790	8.78240960050529
VPS	MQ	20398	11.002195204322863
VPS	EV	20366	12.033777457688153
WRG	AS	19930	9.218426422794952
WYS	OO	20304	-0.8811320754716981
XNA	NW	19386	2.9325726141078836
XNA	DH	20404	4.879781420765028
XNA	OH	20417	5.0329004329004325
XNA	CO	19704	5.5
XNA	RU	20374	6.7138956746659
XNA	9E	20363	7.471845148315737
XNA	OO	20304	9.422540928155865
XNA	AA	19805	9.65597667638484
XNA	MQ	20398	11.316724163791811
XNA	EV	20366	12.696000682186407
YAK	AS	19930	8.053903617987404
YAP	CO	19704	20.069124423963135
YKM	AL	20355	0.4540059347181009
YKM	PS	19391	0.9679144385026738
YKM	US	20355	1.035264483627204
YKM	OO	20304	5.009408602150538
YKM	AA	19805	30.0
YUM	HP	19991	2.945698439313814
YUM	OO	20304	4.850058207217695
YUM	YV	20378	6.599123141441098
