ABE	-3.8152038454691115	CLE
ABE	-1.0	IND
ABE	0.0	BDL
ABE	0.3835978835978836	DCA
ABE	1.228503421600714	CLT
ABE	2.168805528134255	IAD
ABE	2.6739938080495356	DTW
ABE	3.0	RDU
ABE	3.019098090190981	PIT
ABE	3.195371205290051	CVG
ABI	0.0	LAX
ABI	3.8689159922489456	DFW
ABI	5.570802005012531	IAH
ABQ	-0.8571428571428571	CLE
ABQ	1.8532188841201718	AUS
ABQ	2.285044098329893	IAH
ABQ	3.1730558598028478	SMF
ABQ	3.752212389380531	ONT
ABQ	4.0	SNA
ABQ	4.491062039957939	SAT
ABQ	4.491244239631336	COS
ABQ	4.700262246252469	SLC
ABQ	4.731397730500695	DFW
ABY	-2.0	MCN
ABY	0.0	VLD
ABY	9.930758113257127	ATL
ACK	7.3	LGA
ACK	24.21221613155834	EWR
ACK	40.82789317507418	JFK
ACT	1.336382485668984	DFW
ACT	4.6779351301964365	IAH
ACT	110.0	ILE
ACT	155.0	TYR
ACT	204.0	SJT
ACV	0.6343283582089553	SLC
ACV	3.7611221309152736	SMF
ACV	3.831610536845615	CEC
ACV	13.914349864623919	SFO
ACV	64.0	RDD
ACV	144.75	MFR
ACY	0.0	BWI
ACY	1.1395348837209303	BOS
ACY	1.5949820788530467	CVG
ACY	3.6358638189892156	PIT
ACY	8.461538461538462	MCO
ACY	21.97872340425532	ATL
ACY	52.40909090909091	LGA
ACY	64.83333333333333	JFK
ACY	222.0	MYR
ADK	4.1678832116788325	ANC
ADK	27.181571815718158	AKN
ADQ	9.052532207907596	ANC
ADQ	13.5	BET
AEX	-5.0	ILE
AEX	-5.0	AUS
AEX	0.0	MSY
AEX	0.0	HOU
AEX	0.0	BTR
AEX	0.0	ABI
AEX	0.0	JAN
AEX	0.0	LFT
AEX	0.9816450455423682	IAH
AEX	2.0	MLU
AGS	-10.0	CVG
AGS	-8.571428571428571	CLE
AGS	0.0	CHA
AGS	0.0	CHS
AGS	2.675562969140951	CLT
AGS	5.2004381161007665	IAH
AGS	7.3183602267771475	SAV
AGS	8.081907697129575	ATL
AGS	8.682529335071708	CAE
AGS	14.285714285714286	LGA
AKN	8.016348773841962	DLG
AKN	10.16005040957782	ANC
AKN	14.725641025641025	ADK
ALB	-1.8641975308641976	SWF
ALB	1.6157894736842104	SYR
ALB	2.232115018188117	RDU
ALB	2.90784489289896	CVG
ALB	2.9864864864864864	PVD
ALB	3.1194029850746268	BTV
ALB	3.6068237831176835	DTW
ALB	4.388203753351206	ISP
ALB	4.492146596858639	MHT
ALB	4.704648648648648	BUF
ALO	4.3076923076923075	RST
ALO	6.195304162219851	MSP
ALO	7.25	STL
AMA	3.321791320406279	LBB
AMA	3.731661588938364	LAS
AMA	4.715454154111064	IAH
AMA	4.784648533432185	DFW
AMA	6.733980582524272	MAF
AMA	6.745798573328497	DAL
AMA	7.00535060546325	ABQ
AMA	9.670682730923694	DEN
AMA	11.0	PHX
AMA	22.0	TUL
ANC	0.0	YAK
ANC	1.1130389064143007	DTW
ANC	5.087820462869165	MSP
ANC	5.6030326594090205	SLC
ANC	6.220588235294118	ADK
ANC	6.333333333333333	EWR
ANC	6.661354581673307	CVG
ANC	6.931143732178688	OME
ANC	7.0546781363312245	SEA
ANC	7.549095966620306	DEN
ANI	1.8831775700934579	ANC
ANI	7.936507936507937	KSM
APF	2.696271929824561	TPA
APF	4.105263157894737	MIA
APF	11.248662000823384	ATL
ASE	8.666666666666666	ATL
ASE	9.668087827755276	DEN
ASE	11.565471836137528	SLC
ASE	15.926470588235293	PHX
ASE	16.75310834813499	LAX
ASE	39.66197183098591	SFO
ASE	48.98640776699029	ORD
ATL	-3.0	CBM
ATL	4.195652173913044	FCA
ATL	5.181286549707602	OGG
ATL	6.524122807017544	LGB
ATL	6.93716814159292	LWB
ATL	7.334583792105545	CLT
ATL	7.381552008406863	GSP
ATL	7.534116331096197	HTS
ATL	7.690313182811362	SNA
ATL	7.895396869108395	MEM
ATW	-23.0	CHS
ATW	-9.054545454545455	CWA
ATW	-0.4574468085106383	GRB
ATW	-0.0282021151586369	MKE
ATW	3.9588178294573644	MSP
ATW	4.425023284694194	CVG
ATW	5.532873806998939	DTW
ATW	12.4678681527152	ATL
ATW	15.411321335179203	ORD
ATW	185.0	DSM
AUS	-6.333333333333333	CMH
AUS	-0.7610062893081762	IND
AUS	-0.37254901960784315	SNA
AUS	-0.22637362637362637	TUL
AUS	0.2764227642276423	CLE
AUS	0.5458686131386862	MEM
AUS	1.1848137535816619	TUS
AUS	1.2768273716951788	MIA
AUS	2.4012836185819073	SAT
AUS	2.5814814814814815	CLT
AVL	-2.0	LEX
AVL	0.0	TRI
AVL	1.0764482431149098	IAH
AVL	2.9347826086956523	MCO
AVL	3.08887103254319	CLT
AVL	3.5923076923076924	MSP
AVL	5.0	LGA
AVL	5.438658428949691	BWI
AVL	5.636734693877551	CVG
AVL	8.275075987841944	DTW
AVP	-1.0	HPN
AVP	1.722972972972973	ELM
AVP	1.9127857747671464	BWI
AVP	2.7041062801932365	ABE
AVP	2.824083011583012	PHL
AVP	3.560528992878942	PIT
AVP	3.680693641618497	CVG
AVP	4.087962962962963	MDT
AVP	4.745762711864407	CLT
AVP	9.010317460317461	DTW
AZO	-3.0310760667903525	LAN
AZO	-1.7838164251207729	GRB
AZO	0.3103448275862069	SBN
AZO	1.435655253837072	PIT
AZO	3.0629743258517683	DTW
AZO	3.137313932095668	CVG
AZO	3.240458811261731	DAY
AZO	3.41932059447983	MSP
AZO	8.420051200442815	ORD
AZO	10.127345844504022	ATL
BDL	-8.0	SWF
BDL	-0.8541666666666666	MEM
BDL	-0.6666666666666666	HPN
BDL	0.0	ALB
BDL	0.35833333333333334	IAH
BDL	1.551532033426184	ROC
BDL	1.9447852760736197	DAY
BDL	2.464441430093983	CLE
BDL	2.530762920426579	MIA
BDL	2.5954545454545452	ISP
BET	4.674418604651163	ANI
BET	6.023809523809524	ADQ
BET	6.177884615384615	KSM
BET	9.959116925592804	ANC
BFF	131.0	RAP
BFI	28.0	DEN
BFL	-5.1976401179941005	SMF
BFL	-1.3661971830985915	SAN
BFL	0.09243697478991597	SLC
BFL	1.097305389221557	DEN
BFL	1.1833333333333333	BUR
BFL	1.530612244897959	SNA
BFL	2.55590427618674	IAH
BFL	2.940144665461121	LAX
BFL	3.058311855670103	PHX
BFL	4.031168831168831	SBA
BGM	-0.9778761061946902	ELM
BGM	0.3316582914572864	ITH
BGM	1.6704402515723271	IAD
BGM	1.983982683982684	CVG
BGM	3.727272727272727	BWI
BGM	4.267285723829247	PIT
BGM	4.353191489361702	PHL
BGM	7.823529411764706	JFK
BGM	8.004728132387706	DTW
BGM	13.624347826086957	ATL
BGR	0.11487303506650544	SWF
BGR	0.8398497901480009	PWM
BGR	0.8830188679245283	SYR
BGR	2.3119658119658117	MHT
BGR	2.9545454545454546	PIT
BGR	4.0423728813559325	BTV
BGR	5.450716456795484	PVD
BGR	6.7368421052631575	MSP
BGR	6.7936588921282794	BOS
BGR	7.6347559537844845	CVG
BHM	-2.9096296296296296	CLE
BHM	0.5983945754599391	MEM
BHM	0.8190630048465266	RDU
BHM	0.9740740740740741	DCA
BHM	2.208840068000523	HSV
BHM	2.4226696495152873	DTW
BHM	2.8881944158888113	CLT
BHM	3.085067459410016	STL
BHM	3.478857272418093	IAH
BHM	3.6472878998609177	CVG
BIL	-4.0588235294117645	PHX
BIL	-1.7184285955150902	BZN
BIL	-0.5327731092436975	FCA
BIL	0.7394945778466305	MSP
BIL	1.2942857142857143	CVG
BIL	2.24	HLN
BIL	3.3076923076923075	SFO
BIL	3.5872304078582107	SLC
BIL	3.7756097560975608	JAC
BIL	4.532467532467533	GEG
BIS	-1.2828282828282829	CPR
BIS	0.07156927117531188	SLC
BIS	0.9128622469233822	MOT
BIS	1.9811724748966333	MSP
BIS	3.380740441027716	DEN
BIS	8.03227931488801	FSD
BIS	66.33333333333333	FAR
BJI	5.3689839572192515	MSP
BLI	1.317184643510055	SLC
BLI	4.601367152365533	SEA
BMI	1.52	LAS
BMI	5.66307541625857	MCO
BMI	10.662173250498183	ATL
BMI	11.824257202203558	ORD
BNA	-23.0	FSD
BNA	-8.0	CID
BNA	-7.0	COS
BNA	1.4953271028037383	OMA
BNA	2.4827586206896552	TUL
BNA	2.8353647444060397	SDF
BNA	3.140623075975865	CLT
BNA	3.2792396671852804	MEM
BNA	3.367880627212949	PIT
BNA	3.6941838649155723	GSP
BOI	0.9047619047619048	FAT
BOI	1.25	DFW
BOI	3.2756756756756755	IAH
BOI	3.611568700861101	PHX
BOI	3.6908589624106867	SLC
BOI	4.050955414012739	ATL
BOI	4.273757628596338	DEN
BOI	4.664840182648402	MSP
BOI	5.02551506708703	RNO
BOI	5.691073219658977	ONT
BOS	-5.0	SWF
BOS	-4.0	ONT
BOS	1.2166089965397924	AUS
BOS	3.0314992482928096	LGA
BOS	3.2839116719242902	MSY
BOS	4.986319389634307	LGB
BOS	5.393518518518518	OAK
BOS	5.837130801687763	MDW
BOS	5.8880312665433605	DCA
BOS	5.957978421351505	BDL
BPT	2.3302859365882123	IAH
BPT	2.7187725631768953	DFW
BPT	9.021505376344086	ATL
BQK	9.055733699801497	ATL
BQN	0.9792817679558011	JFK
BQN	1.0824644549763034	MIA
BQN	6.752674368848951	EWR
BQN	8.586341463414634	MCO
BRO	2.944967880085653	IAH
BRW	8.573074908328968	ANC
BRW	9.277294685990338	SCC
BRW	10.788969385370414	FAI
BTM	0.9791666666666666	SLC
BTM	2.6136363636363638	HLN
BTM	2.6738394584139265	BZN
BTM	141.0	MSO
BTR	-8.0	CRP
BTR	-1.5	AEX
BTR	0.7347476926764953	MEM
BTR	1.1873536299765808	SHV
BTR	1.8976085031000887	BNA
BTR	2.475663716814159	MSY
BTR	2.6077688299384176	BHM
BTR	2.7152542372881356	JAN
BTR	3.9291784702549575	LFT
BTR	5.182482109597099	IAH
BTV	-5.729508196721311	PWM
BTV	-4.0	COS
BTV	-0.14776632302405499	MCO
BTV	0.4613861386138614	SYR
BTV	0.8333333333333334	HPN
BTV	1.2545454545454546	BDL
BTV	1.2877871825876663	ALB
BTV	3.721432074546346	MHT
BTV	3.8069883527454245	CLE
BTV	4.6661016949152545	BWI
BUF	-14.0	ISP
BUF	1.248555840821566	RDU
BUF	1.8498686541633576	DTW
BUF	3.0661290322580643	FLL
BUF	3.6360046457607433	BDL
BUF	4.069308985266653	ROC
BUF	4.070830650354154	ALB
BUF	4.322054072436661	MSP
BUF	5.010336391437309	DCA
BUF	5.051952216788263	CVG
BUR	-3.183333333333333	MCO
BUR	-1.280373831775701	SBA
BUR	0.9706652697747512	ONT
BUR	1.0	PMD
BUR	1.5813802083333333	LGB
BUR	2.267605633802817	SNA
BUR	2.5137830569251456	SLC
BUR	3.0998771614854013	DEN
BUR	3.47	RNO
BUR	4.003513350732785	DFW
BWI	1.161473087818697	MLB
BWI	1.5084745762711864	DAB
BWI	1.5500264690312335	SRQ
BWI	1.7972027972027973	IAD
BWI	3.3259031514219832	UCA
BWI	3.744927536231884	CHO
BWI	3.7951339915373765	BGM
BWI	3.9706422018348624	DCA
BWI	4.192834562697576	GSP
BWI	4.2033967253127225	SJU
BZN	-7.2727272727272725	LAX
BZN	-0.08857236411263916	BIL
BZN	3.7912337662337663	SLC
BZN	3.926839535275299	MSP
BZN	5.565647332557753	DEN
BZN	6.464149839040093	MSO
BZN	6.961219512195122	BTM
BZN	9.751677852348994	ATL
BZN	10.462264150943396	GTF
BZN	11.160804020100503	DTW
CAE	-10.0	JAX
CAE	-6.0	FLL
CAE	-5.0	DAB
CAE	-5.0	AEX
CAE	0.0	HOU
CAE	0.0	JFK
CAE	0.84375	GSP
CAE	1.1232105139638582	RDU
CAE	2.9539973654878913	CLT
CAE	2.998165137614679	GSO
CAK	0.3908355795148248	RSW
CAK	0.9459459459459459	IND
CAK	1.3493927125506073	DEN
CAK	1.4184272300469483	TPA
CAK	1.825910931174089	LAS
CAK	1.9072995969547695	CLT
CAK	2.280141843971631	FWA
CAK	2.5310880829015545	CMH
CAK	2.8278433809819763	PIT
CAK	3.2659971975712283	DAY
CCR	2.6387145367813205	LAX
CDC	3.346297896859695	SLC
CDC	7.473282442748092	SGU
CDC	50.5	LAX
CDV	7.197787991956335	YAK
CDV	8.905211912943871	ANC
CEC	2.018867924528302	SMF
CEC	5.409933774834437	ACV
CEC	25.063988095238095	SFO
CHA	-14.4	TYS
CHA	-8.0	SDF
CHA	0.0	TOL
CHA	0.6538102643856921	BNA
CHA	1.375	BHM
CHA	1.4746909947027664	MEM
CHA	1.6933819917187172	CLT
CHA	2.8450704225352115	DTW
CHA	2.960953346855984	IAH
CHA	3.72255880256593	CVG
CHO	-0.4803921568627451	IAD
CHO	0.7425925925925926	RIC
CHO	1.616867469879518	LYH
CHO	1.6179196704428425	CVG
CHO	2.8887545344619103	ROA
CHO	3.8916256157635467	BWI
CHO	3.974548049476689	CLT
CHO	9.016322701688555	ATL
CHO	15.8369384359401	LGA
CHO	87.5	DCA
CHS	-2.74	CLE
CHS	0.4238461538461539	RDU
CHS	1.996577686516085	GSP
CHS	2.1245239908606246	GSO
CHS	2.8687394144689087	DCA
CHS	3.10014285368393	CLT
CHS	3.4	MYR
CHS	3.5707717569786537	ORF
CHS	3.925564538611653	IAH
CHS	4.255791505791506	JFK
CIC	10.121965401947957	SFO
CIC	122.0	SMF
CID	0.0	ICT
CID	0.6640658864325965	MLI
CID	2.3673813945635658	CVG
CID	2.4755213055303718	DSM
CID	2.527126099706745	MSP
CID	2.570779712339137	SUX
CID	3.187020604602196	STL
CID	3.9970238095238093	OMA
CID	4.563758389261745	PIA
CID	5.142857142857143	FSD
CKB	9.166666666666666	CVG
CKB	20.0	PIT
CKB	130.0	LEX
CLD	1.1648016276703967	PHX
CLD	3.9246586217846935	LAX
CLE	-5.0	TUL
CLE	-1.0533333333333332	CHS
CLE	-0.5517241379310345	DAB
CLE	-0.5169491525423728	MYR
CLE	-0.14285714285714285	AGS
CLE	-0.11816192560175055	SJU
CLE	0.0	FWA
CLE	0.1702728127939793	HPN
CLE	0.7014766055861946	ABE
CLE	0.887560417196642	MDT
CLL	2.1475638051044084	DFW
CLL	2.833966793358672	IAH
CLL	165.0	ILE
CLT	1.3133802816901408	MDW
CLT	1.5	LWB
CLT	2.5020538566864445	CAK
CLT	3.360544217687075	TUS
CLT	3.5138014527845036	CHO
CLT	3.650851581508516	MGM
CLT	3.977119784656797	ISO
CLT	4.15234375	SLC
CLT	4.692566754871302	MOB
CLT	4.742660183418478	TYS
CMH	-5.0	OMA
CMH	-5.0	AUS
CMH	-5.0	SYR
CMH	1.047270214236351	CLE
CMH	1.3529411764705883	SDF
CMH	3.4973684210526317	CAK
CMH	3.9229390681003586	SLC
CMH	4.140255009107468	IND
CMH	4.149068101635722	DFW
CMH	4.157088812826518	MEM
CMI	1.1078260869565217	PIT
CMI	1.902127659574468	CVG
CMI	2.9280490681764566	DAY
CMI	3.412568306010929	PIA
CMI	3.841726618705036	STL
CMI	5.978073610023492	DFW
CMI	6.665137614678899	ATL
CMI	8.163503649635036	ORD
CMX	13.512448132780083	MSP
COD	-0.6202090592334495	DEN
COD	2.4377097315436242	SLC
COD	162.0	CPR
COS	0.9264349232012935	PUB
COS	2.4423569598633645	ICT
COS	2.48490521881582	SLC
COS	2.5413135593220337	SAN
COS	2.550640131829129	IAH
COS	3.3378699161259693	STL
COS	3.9857568027210886	MSP
COS	4.708550733533853	DFW
COS	4.811284351863471	DEN
COS	5.198487712665407	MCI
CPR	2.49618320610687	ORD
CPR	3.245	RAP
CPR	3.3094594594594593	SLC
CPR	3.4695945945945947	BIS
CPR	5.429090520465961	DEN
CPR	8.873015873015873	MSP
CRP	1.380327868852459	AUS
CRP	1.8051948051948052	SAT
CRP	3.3613033646268757	IAH
CRP	5.436966483960823	DFW
CRP	5.666666666666667	MFE
CRP	6.375700029474925	HOU
CRP	13.5	BRO
CRP	14.285714285714286	HRL
CRP	15.165793103448276	ATL
CRW	-0.14146341463414633	DTW
CRW	-0.05142857142857143	CLE
CRW	0.0	GSP
CRW	0.0	CHO
CRW	2.436967865970887	IAD
CRW	3.1342521694742214	CVG
CRW	4.67758346581876	IAH
CRW	4.678974132213133	CLT
CRW	5.0	BNA
CRW	5.06440281030445	LGA
CSG	6.974713438166004	ATL
CVG	-3.0	AGS
CVG	3.0	SMF
CVG	3.4393700787401573	HTS
CVG	4.509141617601488	SCE
CVG	4.620068344206275	XNA
CVG	4.850446428571429	SJU
CVG	4.877419354838709	PFN
CVG	5.140012234078706	IAH
CVG	5.179899311810078	MSY
CVG	5.200238379022646	ACY
CWA	-3.0	MLI
CWA	0.5079365079365079	ATW
CWA	0.833578792341679	MKE
CWA	2.1300411522633746	MSP
CWA	7.574833174451859	DTW
CWA	16.41191135734072	ORD
CYS	145.0	DEN
DAB	-3.9651741293532337	CLE
DAB	0.10588235294117647	MCO
DAB	0.8807947019867549	BWI
DAB	1.3134146341463415	JAX
DAB	1.6669941060903732	RDU
DAB	1.7333333333333334	DFW
DAB	4.715244755244755	CLT
DAB	5.112820512820512	PHL
DAB	6.824532224532224	ATL
DAB	7.122802197802198	MLB
DAL	-6.0	DFW
DAL	6.173222089789432	ORD
DAL	6.563308947664603	LAX
DAL	6.695646494616432	IAH
DAL	7.2100963575331605	AUS
DAL	7.211294092647684	SAT
DAL	8.037152956771486	TUL
DAL	8.066339869281046	ELP
DAL	8.102052029840022	OKC
DAL	8.158074551555236	HOU
DAY	-1.3725490196078431	LAS
DAY	-1.25	BNA
DAY	1.3132530120481927	MKE
DAY	1.3190184049079754	BDL
DAY	1.545129579982127	GSO
DAY	2.089472860941655	CLE
DAY	2.646840148698885	CMH
DAY	2.785450061652281	IAD
DAY	3.3571689831748355	MSP
DAY	3.673299713779474	DTW
DBQ	1.0	LSE
DBQ	5.741986634952996	ORD
DCA	-1.0833333333333333	LFT
DCA	0.0	LIT
DCA	0.875	MYR
DCA	1.3506172839506172	HOU
DCA	1.6805555555555556	BHM
DCA	2.104859335038363	MKE
DCA	2.3290181753947676	LGA
DCA	2.84511687939194	MDW
DCA	3.1477246343162295	CLE
DCA	3.2251928020565552	LAX
DEN	-2.0	BTR
DEN	1.675417661097852	RKS
DEN	2.522700814901048	HSV
DEN	3.063106796116505	FCA
DEN	4.085836909871245	BFL
DEN	4.505747126436781	TVC
DEN	5.154015401540154	PIA
DEN	5.452629180197118	MEM
DEN	5.672781065088757	LGB
DEN	5.778752886836028	IDA
DET	3.4802981895633653	IND
DET	6.392717045370439	MDW
DET	9.480493827160494	STL
DET	11.594650205761317	BNA
DFW	0.0	AGS
DFW	0.0	LYH
DFW	0.0	PHF
DFW	3.4274193548387095	TOL
DFW	3.892036944583125	TYR
DFW	4.2994633273703045	BPT
DFW	4.306047851129819	ILE
DFW	4.42908739116414	SPS
DFW	4.43528196402528	ACT
DFW	4.641221374045801	GRB
DHN	0.0	VPS
DHN	11.57642928786359	ATL
DLG	7.371727748691099	AKN
DLG	11.504788306451612	ANC
DLG	20.25	ADQ
DLH	3.3591641747502003	MSP
DLH	7.448422847399829	DTW
DLH	7.597909790979098	ORD
DRO	0.7358044164037855	SLC
DRO	4.179775280898877	IAH
DRO	4.485382541986316	PHX
DRO	5.341258741258741	GJT
DRO	5.548834343226867	DEN
DRO	6.847165991902834	DFW
DRO	23.0	ABQ
DSM	-8.0	MLI
DSM	-4.122302158273381	CLE
DSM	-3.0	LAX
DSM	-2.0	AUS
DSM	-0.7631578947368421	LNK
DSM	0.21822272215973004	MKE
DSM	0.7511737089201878	BNA
DSM	1.4823410696266397	PIT
DSM	1.9666666666666666	SLC
DSM	1.9900299102691925	IAH
DTW	-4.397260273972603	ITH
DTW	2.9757281553398056	CRW
DTW	3.412707182320442	ORH
DTW	3.707736389684814	SCE
DTW	4.278894133513149	DAY
DTW	4.494097222222222	FWA
DTW	4.734500736710869	HPN
DTW	5.147170935080405	SBN
DTW	5.408517350157728	AUS
DTW	5.501368363437329	CHS
DUT	14.652296973655563	ANC
EAU	-12.38623326959847	LSE
EAU	2.0492572322126663	MSP
EFD	-0.6531375935521013	IAH
EGE	3.5063613231552164	IAH
EGE	5.352941176470588	IAD
EGE	6.603921568627451	PHX
EGE	6.628501400560224	DEN
EGE	8.796296296296296	CVG
EGE	10.168276972624799	ATL
EGE	11.129877582249426	DFW
EGE	13.148986889153754	LAX
EGE	13.740458015267176	MSP
EGE	13.882234185733513	ORD
EKO	1.5048592832557197	SLC
EKO	6.38531691746466	RNO
ELM	-1.281391830559758	BGM
ELM	-1.2	AVP
ELM	1.5092105263157896	ITH
ELM	1.906631762652705	SYR
ELM	3.764956636777892	PIT
ELM	4.539420935412027	DTW
ELP	-0.10836584308625921	SLC
ELP	1.5774058577405858	ONT
ELP	2.278627098321343	IAH
ELP	3.8533716440693184	DEN
ELP	4.417080532308959	DFW
ELP	5.111450381679389	STL
ELP	5.13178689778231	ABQ
ELP	5.516378600823045	ATL
ELP	5.803863547540617	LAS
ELP	5.847740370033364	MAF
ERI	1.144492696407422	CVG
ERI	2.03862660944206	CLE
ERI	2.5589005235602094	ITH
ERI	4.477730895452415	DTW
ERI	4.613548698167792	PIT
ERI	15.128798842257599	ATL
EUG	-0.15272727272727274	SJC
EUG	-0.03621298143317477	PDX
EUG	0.8447909284195606	PHX
EUG	2.1293715487772813	SLC
EUG	5.413333333333333	MFR
EUG	6.032212418844681	DEN
EUG	6.042613636363637	LAX
EUG	8.279635258358663	LAS
EUG	12.478930074364444	SFO
EVV	0.0	LEX
EVV	0.0	STL
EVV	0.35714285714285715	BNA
EVV	2.0347222222222223	SDF
EVV	2.0912207198628834	IND
EVV	2.3385518590998045	MDW
EVV	2.381858083394294	MEM
EVV	2.4186437826013796	CVG
EVV	3.9048016701461377	DTW
EVV	4.2152852529601725	PIT
EWN	12.294164668265388	ATL
EWR	-3.75	SWF
EWR	1.175977653631285	HPN
EWR	1.292	BTR
EWR	1.640227576974565	MYR
EWR	2.625	GUC
EWR	2.7394957983193278	ROA
EWR	3.3203050524308866	AGS
EWR	4.633567891581965	STT
EWR	5.667648605996844	SNA
EWR	6.100840336134453	HSV
EYW	-0.43956043956043955	FLL
EYW	4.171131710298462	MIA
EYW	8.348484848484848	MCO
EYW	15.0	MCN
EYW	19.600415368639666	ATL
EYW	35.0	SRQ
FAI	2.2986748216106014	JNU
FAI	5.358942253227201	ANC
FAI	5.394168466522678	MSP
FAI	5.427326214861625	SEA
FAI	6.775700934579439	SLC
FAI	7.509389671361502	SCC
FAI	8.321871127633209	BRW
FAI	9.0	OME
FAR	-6.0	LAN
FAR	-0.4406215316315205	SLC
FAR	0.047619047619047616	SUX
FAR	1.1510791366906474	LAS
FAR	2.1148163782186575	FSD
FAR	2.2912261131050538	MSP
FAR	3.7254088357334636	DEN
FAR	13.551746782243237	ORD
FAR	29.0	MCI
FAR	47.5	BIS
FAT	-2.447562776957164	ONT
FAT	0.7094339622641509	LGB
FAT	1.7045454545454546	RAP
FAT	2.0596153846153844	SAN
FAT	2.720703792278784	PHX
FAT	4.252326134937465	LAX
FAT	4.284533648170012	VIS
FAT	4.548953733922058	DFW
FAT	5.377559445178336	SLC
FAT	5.4378306878306875	RNO
FAY	0.0	CAE
FAY	1.3979871912168345	GSO
FAY	2.11931516209855	CLT
FAY	3.361491628614916	BWI
FAY	5.02076124567474	ORF
FAY	13.803342781741765	ATL
FAY	40.0	MCN
FCA	-2.876625252817105	GTF
FCA	-0.09188660801564028	DEN
FCA	0.4216666666666667	BIL
FCA	3.9858156028368796	HLN
FCA	7.6237170194259205	SLC
FCA	7.920776071139854	MSO
FCA	10.365766481334392	MSP
FCA	10.521739130434783	ATL
FCA	14.695402298850574	PHX
FCA	26.75968992248062	ORD
FLG	3.931578569891702	PHX
FLG	4.920840064620355	GCN
FLG	8.3125	LAS
FLL	-6.5	PIE
FLL	0.0	GSP
FLL	1.4652278177458034	LGB
FLL	1.6395348837209303	MKE
FLL	2.611664295874822	OAK
FLL	3.0737878369675222	CLE
FLL	3.2264918032786887	BNA
FLL	3.5972461273666094	GPT
FLL	3.6789624154522	IAH
FLL	3.7068496257654795	RDU
FLO	-6.0	GSP
FLO	10.005226845076312	ATL
FLO	20.0	AGS
FMN	203.66666666666666	ABQ
FNT	-7.79047619047619	MKG
FNT	-0.29583613163196776	MCO
FNT	-0.1626865671641791	MKE
FNT	0.5680628272251309	CLE
FNT	2.119113573407202	MSP
FNT	2.199098730028677	DTW
FNT	3.809442060085837	PIT
FNT	4.108585001696641	CVG
FNT	4.231819251588609	DAY
FNT	5.264957264957265	DFW
FSD	-25.0	SDF
FSD	-8.0	GRB
FSD	-5.0	CLT
FSD	-4.777777777777778	PHX
FSD	-3.0	IAD
FSD	-0.9484467944481163	BIS
FSD	-0.3429172510518934	SLC
FSD	-0.22000623247117482	CVG
FSD	1.1656626506024097	SUX
FSD	1.3926746166950597	MLI
FSM	1.7356687898089171	MEM
FSM	3.9448653768096333	DFW
FSM	12.167224080267559	ATL
FWA	-10.0	CLE
FWA	-3.0	TVC
FWA	-1.3	MSP
FWA	0.0	SBN
FWA	1.510757946210269	DAY
FWA	2.735719874804382	CVG
FWA	2.761197785606442	PIT
FWA	3.0	IND
FWA	3.3333333333333335	CMH
FWA	3.353917617323588	DTW
GCC	-3.6272189349112427	SLC
GCC	10.36749116607774	DEN
GCN	3.078582434514638	PHX
GCN	3.805945945945946	FLG
GCN	3.9410757108598835	LAS
GEG	1.0197501007658203	PSC
GEG	1.2687038988408852	BIL
GEG	2.510369702434626	SMF
GEG	2.816793893129771	RNO
GEG	2.9307309605817067	LAX
GEG	3.4869353284588787	MSP
GEG	3.8087520787817524	SLC
GEG	3.942818701648167	PHX
GEG	4.0114226375908615	ONT
GEG	4.238916256157635	OAK
GFK	2.1574881409532414	MSP
GGG	0.8527534861734815	DFW
GJT	3.203688181056161	DRO
GJT	4.051643192488263	LAS
GJT	5.102615492534322	SLC
GJT	5.951154212279866	DEN
GJT	7.594377510040161	PHX
GJT	8.913319238900634	DFW
GJT	19.333333333333332	LAX
GJT	45.0	ORD
GJT	70.0	HDN
GJT	89.0	ASE
GLH	-5.5	MEM
GNV	-13.0	DAB
GNV	-3.0	EYW
GNV	0.0	CHA
GNV	4.6342743394860655	CLT
GNV	4.951618284951619	MIA
GNV	9.115527059854248	ATL
GNV	10.875	TLH
GNV	22.0	MCN
GNV	52.0	RSW
GPT	0.0	PNS
GPT	0.0	BTR
GPT	0.0	LGA
GPT	0.5862068965517241	JAN
GPT	2.258829221093372	MEM
GPT	2.8869806094182824	TPA
GPT	3.604895104895105	MOB
GPT	4.646758703481392	IAH
GPT	5.0	SHV
GPT	8.177178899082568	FLL
GRB	-19.0	IAD
GRB	-7.992673992673993	ATW
GRB	-4.218559218559219	AZO
GRB	-1.3520286396181385	MSN
GRB	1.7662244014998558	DTW
GRB	1.9609571788413098	MKE
GRB	2.722562909706069	MSP
GRB	3.0	DSM
GRB	3.359567246499788	CVG
GRB	5.927461139896373	ATL
GRK	6.19874922685726	DFW
GRK	6.84556313993174	IAH
GRK	17.037037037037038	ATL
GRR	-10.0	CHA
GRR	-6.130434782608695	MKG
GRR	-3.7161290322580647	LAN
GRR	-1.1666666666666667	GRB
GRR	0.3333333333333333	TOL
GRR	0.35121951219512193	LAS
GRR	1.1745689655172413	MKE
GRR	1.95707656612529	DEN
GRR	2.597773291490935	DTW
GRR	2.636861313868613	STL
GSO	0.5734929810074318	BNA
GSO	0.7377722975750103	RDU
GSO	0.9463253509496284	RIC
GSO	1.9694656488549618	PBI
GSO	2.496689377219077	DTW
GSO	2.830769230769231	MYR
GSO	3.6493506493506493	RSW
GSO	3.8016230838593326	CAE
GSO	3.9566505115778137	IAH
GSO	4.5629865751241345	PIT
GSP	-20.0	DAB
GSP	-15.0	JAX
GSP	-1.1379310344827587	CAE
GSP	0.16994633273703041	BNA
GSP	0.9061905458802868	RDU
GSP	2.15365551425031	MDW
GSP	2.37465564738292	MEM
GSP	2.4258675078864353	BWI
GSP	2.789395070948469	GSO
GSP	2.8846153846153846	DCA
GST	7.572732458642327	JNU
GTF	-2.7886553412035706	FCA
GTF	-1.5992057864132747	MSO
GTF	0.6980790141355564	DEN
GTF	0.7558408598940061	MSP
GTF	1.0809137489325362	BIL
GTF	4.427698975571316	HLN
GTF	5.173913043478261	ORD
GTF	6.3931623931623935	BZN
GTF	8.0111557340473	SLC
GTR	3.598499061913696	DFW
GTR	9.448019801980198	AEX
GTR	12.470664928292047	ATL
GTR	35.0	MEI
GUC	-0.8732394366197183	IAH
GUC	0.0	BNA
GUC	5.962056303549572	DEN
GUC	7.25	EWR
GUC	9.625	ORD
GUC	10.332024432809773	DFW
GUC	10.964739069111424	ATL
GUC	16.214285714285715	SLC
GUC	982.0	HDN
GUM	-1.225479143179256	ROP
GUM	1.809082722243664	SPN
GUM	2.256940664126293	ROR
GUM	6.721689059500959	HNL
GUM	9.867283950617283	YAP
HDN	-3.6875	CVG
HDN	3.8444100978876867	IAH
HDN	4.617085936180989	DEN
HDN	6.288209606986899	SLC
HDN	6.357142857142857	PHX
HDN	7.425	SJC
HDN	7.642857142857143	JFK
HDN	9.018970189701896	MSP
HDN	9.740484429065743	LAX
HDN	11.203152364273205	STL
HHH	20.12447885646218	ATL
HKY	8.398387096774194	ATL
HLN	-1.9292929292929293	BIL
HLN	-0.6275862068965518	DEN
HLN	1.7998880065159846	SLC
HLN	2.2300469483568075	GTF
HLN	8.2352102637206	FCA
HLN	9.923728813559322	MSP
HLN	39.68131868131868	BTM
HLN	165.0	BZN
HLN	165.66666666666666	MSO
HNL	-3.0	MKK
HNL	-2.539285714285714	LNY
HNL	-0.986336464560205	CVG
HNL	-0.2700534759358289	ITO
HNL	-0.25571070665389434	LIH
HNL	-0.11532033426183844	EWR
HNL	0.3066381351302131	KOA
HNL	0.5828355942498481	OGG
HNL	1.50635593220339	SLC
HNL	2.9723884031293144	IAH
HOU	-1.1428571428571428	RSW
HOU	-1.0125448028673836	CLE
HOU	1.9068119891008175	MIA
HOU	1.9090909090909092	LBB
HOU	2.008336914482166	MEM
HOU	2.1916990560799556	IAH
HOU	2.9642857142857144	PVD
HOU	2.9902439024390244	DCA
HOU	3.0826743350107835	DTW
HOU	3.0859764386044404	MSP
HPN	-0.8756906077348067	EWR
HPN	-0.8244256915142991	CLE
HPN	3.5	PVD
HPN	4.263997760358342	DTW
HPN	5.276240065771444	PIT
HPN	5.545155993431855	RSW
HPN	5.675782104572304	IAD
HPN	5.933147632311978	RDU
HPN	7.173333333333333	HVN
HPN	7.204143000334113	MCO
HRL	-2.0	MFE
HRL	1.694736842105263	DAL
HRL	2.7656142544545173	IAH
HRL	4.425158988676904	DFW
HRL	4.9962296983758705	AUS
HRL	7.0636742312943985	HOU
HRL	7.795438547092778	SAT
HSV	-2.5	JAN
HSV	-0.6384462151394422	LIT
HSV	0.0	STL
HSV	0.5296984064269722	BNA
HSV	1.2007386228258279	BHM
HSV	1.3819444444444444	LGA
HSV	1.8728593203622343	CLT
HSV	2.6666666666666665	AUS
HSV	2.8514173998044967	IAH
HSV	3.0	MCI
HTS	-5.0	JAN
HTS	0.6683534449202024	CVG
HTS	0.8	ROA
HTS	4.126666666666667	CRW
HTS	4.147439670394349	CLT
HTS	5.575625544628408	PIT
HTS	5.904494382022472	ATL
HTS	6.125	SDF
HTS	12.0	AGS
HTS	102.0	MCN
HVN	4.5904572564612325	HPN
HVN	5.683718028696195	CVG
HVN	8.265062806046412	ORD
IAD	-150.0	ATW
IAD	0.0	TLH
IAD	0.6855400696864111	PHF
IAD	2.782767469403869	STL
IAD	3.6348814229249014	SCE
IAD	3.8018636586562042	ABE
IAD	4.2277526395173455	BWI
IAD	4.406040268456376	MLB
IAD	4.636474556807579	SLC
IAD	4.76767623746785	MSP
IAH	-2.0	MSN
IAH	-1.0	MLI
IAH	-0.6172972972972973	AGS
IAH	1.8877082136703045	EFD
IAH	2.172036985149902	HOU
IAH	2.4226190476190474	JAC
IAH	2.90251572327044	MTJ
IAH	3.2272831838049227	RNO
IAH	3.5373737373737373	GUC
IAH	3.5995325282430852	BPT
ICT	-4.603174603174603	MDW
ICT	-1.635204081632653	SLC
ICT	-0.7523809523809524	SEA
ICT	-0.20192307692307693	MCO
ICT	0.0	DAY
ICT	0.013065937405044059	MEM
ICT	2.3570050639016156	IAH
ICT	2.4885654885654884	LAX
ICT	2.5	OMA
ICT	3.1920903954802258	DTW
IDA	1.3678929765886287	DFW
IDA	1.5465924895688457	DEN
IDA	2.3721492517806966	SLC
IDA	12.342237061769616	MSP
IDA	30.71480144404332	ORD
IDA	99.2	JAC
IDA	138.0	BZN
ILE	0.19882130545980206	DFW
ILE	8.964831096714484	IAH
ILE	15.0	GRK
ILG	14.812413793103449	ATL
ILM	0.0	FLO
ILM	0.4978540772532189	RDU
ILM	2.67543507899591	CLT
ILM	3.7421944692239073	BWI
ILM	3.895908111988514	GSO
ILM	7.4	ORF
ILM	7.69452736318408	CVG
ILM	8.512544802867383	PHL
ILM	12.966081219217545	ATL
ILM	23.0	MCN
IND	-2.0	ABI
IND	-2.0	JAN
IND	0.0	LIT
IND	1.0	ABE
IND	1.1054852320675106	OMA
IND	1.1285616705698673	MEM
IND	1.9036697247706422	CAK
IND	1.9775833788955715	BNA
IND	2.260753394656154	CLE
IND	2.358490566037736	AUS
INL	6.168539325842697	MSP
IPL	-0.7385192127460168	SAN
IPL	1.6780684104627765	YUM
IPL	5.274698795180723	LAX
ISO	2.1602373887240356	BWI
ISO	3.567397078353254	CLT
ISO	10.0	ILM
ISO	13.142128279883382	ATL
ISP	-15.0	EWR
ISP	-4.0	LGA
ISP	-3.0	BUF
ISP	0.3876146788990826	BDL
ISP	0.9251101321585903	CLE
ISP	1.0	SWF
ISP	2.157686096021142	RDU
ISP	2.664888888888889	RSW
ISP	3.036392405063291	JAX
ISP	3.191780821917808	IAD
ITH	0.9207210699748013	ELM
ITH	1.0344827586206897	MDT
ITH	1.7641277641277642	SYR
ITH	2.0297280202403543	PIT
ITH	2.080808080808081	BGM
ITH	2.795601552393273	ERI
ITH	5.638888888888889	DTW
ITO	-3.908564814814815	KOA
ITO	-2.523854961832061	OGG
ITO	-1.7427977524440548	HNL
ITO	-0.725	OAK
IYK	-0.453848833159178	LAX
IYK	0.0	ONT
JAC	-2.9940119760479043	IAH
JAC	-0.06372549019607843	BIL
JAC	4.816037735849057	MSP
JAC	5.047803130303602	SLC
JAC	6.1756401052883465	IDA
JAC	8.11340206185567	DEN
JAC	10.759541984732824	DFW
JAC	11.17125382262997	ATL
JAC	13.672413793103448	LAX
JAC	18.433333333333334	CVG
JAN	-1.3205374280230326	GPT
JAN	0.0	IND
JAN	0.0	LFT
JAN	0.0	AUS
JAN	0.8212290502793296	MSY
JAN	0.8299405512520267	BNA
JAN	1.8713053590464193	MEM
JAN	2.0	HSV
JAN	3.0392680137247425	CVG
JAN	3.8007868383404864	MOB
JAX	-5.0	SHV
JAX	-4.0	RSW
JAX	0.0	BTR
JAX	1.4278033794162825	MCO
JAX	1.6647765176784524	BHM
JAX	2.0517241379310347	LAS
JAX	2.368815592203898	AUS
JAX	3.0166461159062887	CHS
JAX	3.0530636525877455	RDU
JAX	3.444260668210387	DAB
JFK	-10.5	SWF
JFK	0.0	ANC
JFK	0.0	ABQ
JFK	0.0	MYR
JFK	0.0	ISP
JFK	1.9079497907949792	UCA
JFK	3.210280373831776	BGR
JFK	3.6146839635661054	BQN
JFK	4.33694150161216	STT
JFK	4.339147286821706	CHS
JNU	7.343921139101862	KTN
JNU	10.052204764318297	FAI
JNU	10.365453903214412	SIT
JNU	10.388188073394495	GST
JNU	10.885129707508387	SEA
JNU	11.247421153941069	ANC
JNU	13.373530298462466	YAK
JNU	14.65801597051597	PSG
KOA	-1.1161933665727293	OGG
KOA	-1.1155555555555556	SLC
KOA	-0.980072463768116	ITO
KOA	-0.592871359611997	HNL
KOA	-0.36529126213592233	PHX
KOA	-0.27266881028938905	SEA
KOA	2.8523985239852396	DEN
KOA	3.7504302925989674	ORD
KOA	4.9818181818181815	LIH
KOA	6.184014343682175	LAX
KSM	6.2330827067669174	ANC
KTN	7.03910264444166	SIT
KTN	7.435233841303205	JNU
KTN	8.112999559065218	SEA
KTN	11.236968966556192	WRG
LAN	-1.8703703703703705	GRR
LAN	1.023046784973496	AZO
LAN	1.3236282194848825	MSP
LAN	2.5059092761528574	DTW
LAN	2.5736692015209126	DAY
LAN	3.422206506364922	PIT
LAN	4.372289156626506	CLE
LAN	4.683460076045628	CVG
LAN	4.763383297644539	IAD
LAN	10.950467289719626	ATL
LAS	-2.0308641975308643	MSN
LAS	-0.09352517985611511	FAR
LAS	0.490280777537797	PIE
LAS	1.146282973621103	YUM
LAS	2.246376811594203	LNK
LAS	2.3058252427184467	GRR
LAS	2.6182008368200838	PMD
LAS	2.702970297029703	DAY
LAS	2.9946559786239146	MEM
LAS	3.0540633608815426	GCN
LAW	1.9581682364404027	DFW
LAW	5.409610983981693	ATL
LAX	-16.0	SDF
LAX	-2.0	LAX
LAX	-0.7272727272727273	BZN
LAX	0.0	MAF
LAX	1.1775147928994083	MFE
LAX	1.2698247440569148	IYK
LAX	1.867979435444757	MEM
LAX	1.9262086513994912	PIE
LAX	2.094491839762611	SNA
LAX	2.274377130868083	SBA
LBB	-60.0	OAK
LBB	1.5454545454545454	HOU
LBB	3.802779022859704	MAF
LBB	4.304143126177024	PHX
LBB	4.410269343286593	IAH
LBB	4.515716951342041	ELP
LBB	4.640717685829366	AUS
LBB	4.891061452513966	AMA
LBB	4.955021153417947	LAS
LBB	5.590995859880507	DFW
LCH	3.2224396607958252	IAH
LEX	-10.0	OKC
LEX	0.0	SHV
LEX	0.0	MCN
LEX	0.058823529411764705	TPA
LEX	0.441025641025641	MEM
LEX	0.625	HTS
LEX	1.5684931506849316	TRI
LEX	1.6534788540245566	STL
LEX	1.7932080048514252	LGA
LEX	2.077120822622108	DCA
LFT	-12.0	IAD
LFT	-4.0	TXK
LFT	-4.0	ORF
LFT	-0.6666666666666666	PHL
LFT	-0.125	DCA
LFT	0.0	MCN
LFT	0.0	GTR
LFT	2.60019550342131	BTR
LFT	3.9922079072032584	IAH
LFT	6.819750862974636	DFW
LGA	-2.473684210526316	ACK
LGA	-1.6363636363636365	SFO
LGA	-0.25	ISP
LGA	0.6565656565656566	CID
LGA	1.66740383706644	DCA
LGA	2.211274128523165	BOS
LGA	2.2337662337662336	SJU
LGA	2.413177883766119	PHL
LGA	2.648936170212766	STT
LGA	2.702247191011236	LWB
LGB	-2.6306818181818183	FAT
LGB	-1.0	PSP
LGB	0.7022058823529411	SAN
LGB	0.8797814207650273	ONT
LGB	1.9574660633484162	BUR
LGB	2.209737827715356	MRY
LGB	2.3871188763275093	SJC
LGB	2.8520971302428255	ATL
LGB	2.890916632102862	SMF
LGB	2.9146285887893058	OAK
LIH	-1.7699603160155823	HNL
LIH	-1.0334890965732086	OGG
LIH	0.11475409836065574	SEA
LIH	1.391304347826087	SNA
LIH	3.0485312899106	PHX
LIH	3.150943396226415	KOA
LIH	3.8727149627623563	SFO
LIH	5.201494641849972	LAX
LIH	6.405405405405405	DEN
LIH	7.838709677419355	SAN
LIT	-3.7142857142857144	SHV
LIT	-1.0	JAN
LIT	-1.0	SDF
LIT	-1.0	DAY
LIT	0.0	IAD
LIT	0.0	AUS
LIT	0.7979309418245332	BNA
LIT	0.8389830508474576	OKC
LIT	2.008054963278844	CLT
LIT	2.278969957081545	SGF
LMT	7.3076923076923075	PDX
LMT	11.224669603524228	SFO
LNK	0.0	DSM
LNK	0.0	CID
LNK	1.9036697247706422	LAS
LNK	3.451371571072319	ICT
LNK	4.092059838895282	FSD
LNK	4.3067382889643735	STL
LNK	5.019248284656021	DEN
LNK	5.1262458471760795	DTW
LNK	5.449785561115082	SUX
LNK	5.9050772626931565	MSP
LNY	-9.666666666666666	OGG
LNY	-4.579545454545454	MKK
LRD	0.8563198915621824	IAH
LRD	7.507783615489394	DFW
LSE	-4.0	STL
LSE	-2.5353535353535355	EAU
LSE	1.2263048485869992	MSP
LSE	8.050600961538462	ORD
LWB	-0.6309523809523809	RDU
LWB	1.0384615384615385	CLT
LWB	2.7937853107344632	LGA
LWB	3.0	PIT
LWB	10.435336976320583	ATL
LWS	0.9147879251050821	SLC
LYH	0.25	ROA
LYH	3.226510067114094	CLT
LYH	6.861136826513609	ATL
LYH	8.638381201044387	CHO
LYH	13.448275862068966	BWI
MAF	0.0	LAX
MAF	3.000914494741655	ELP
MAF	3.036121673003802	AMA
MAF	4.015933755724233	IAH
MAF	4.048365427675773	PHX
MAF	4.418533760097546	AUS
MAF	5.1295876755777075	LBB
MAF	5.575827287205804	DFW
MAF	5.788039867109634	HOU
MAF	5.903917283120377	DAL
MAZ	4.307142857142857	SJU
MBS	0.11764705882352941	GRR
MBS	0.9005332239540607	DTW
MBS	1.0343295638126009	MSP
MBS	2.5258426966292133	CLE
MBS	2.7761194029850746	PIT
MBS	9.51507669891124	ORD
MCI	-0.8466135458167331	DSM
MCI	1.364246068455134	MEM
MCI	2.3683060109289618	MSY
MCI	2.582194904762939	MSP
MCI	2.710796915167095	DTW
MCI	3.2088305489260143	SJC
MCI	3.2384448574969023	IAH
MCI	3.6590683845391476	CLT
MCI	3.7753168965036914	CLE
MCI	3.875104777870914	MKE
MCN	-6.0	ABY
MCN	-2.0	EYW
MCN	0.0	CHS
MCN	0.0	DFW
MCN	0.0	FWA
MCN	1.0	BQK
MCN	1.0	VLD
MCN	12.669631141565826	ATL
MCN	60.0	VPS
MCO	-11.0	MFE
MCO	-0.11621621621621622	PFN
MCO	0.7391304347826086	AVL
MCO	2.7526539278131636	MEM
MCO	3.2316426949280848	HSV
MCO	3.264957264957265	PHF
MCO	3.323483467846915	TLH
MCO	3.34510321563451	CLE
MCO	3.360026472534745	PNS
MCO	3.53281096963761	BMI
MDT	-4.08634742740703	CLE
MDT	1.0913009404388714	DTW
MDT	1.6467780429594272	PHL
MDT	1.7075222139320356	CLT
MDT	1.8214285714285714	ITH
MDT	2.0	BDL
MDT	2.1628664495114007	MCO
MDT	3.0470588235294116	PIT
MDT	3.3625	BWI
MDT	4.715135135135135	STL
MDW	2.268101761252446	EVV
MDW	2.859375	MIA
MDW	3.2096774193548385	ICT
MDW	3.2734082397003745	GSP
MDW	4.190177041690463	GSO
MDW	4.267527675276753	CVG
MDW	4.340997830802603	PIE
MDW	4.560578661844485	IAH
MDW	4.655642023346304	DSM
MDW	4.743061772605192	DAY
MEI	-10.0	MGM
MEI	-9.0	CSG
MEI	3.0	PNS
MEI	3.75	AEX
MEI	11.32267441860465	LFT
MEI	12.152662078956899	ATL
MEI	20.0	CHA
MEM	-3.0	GLH
MEM	2.536392405063291	FSM
MEM	3.2188210334899225	PIT
MEM	3.3135726544622424	TYS
MEM	3.387101727447217	ICT
MEM	3.407933548058993	BNA
MEM	3.5106540670743005	GSP
MEM	3.5118219749652293	SAV
MEM	3.56368351224219	BTR
MEM	3.8546047860768673	MOB
MFE	-10.0	MCO
MFE	-1.668639053254438	LAX
MFE	-0.6469072164948454	AUS
MFE	0.0	PHX
MFE	4.194036342547845	DFW
MFE	4.654804442298406	IAH
MFE	13.0	HRL
MFE	16.78396072013093	ATL
MFR	0.0	SMF
MFR	3.229415105053947	EUG
MFR	3.3487909903941704	SLC
MFR	3.40234375	RDM
MFR	3.5590690019983544	PDX
MFR	3.966275659824047	LAS
MFR	4.106280193236715	PHX
MFR	6.577678571428572	DEN
MFR	8.614699331848552	LAX
MFR	12.634150827713059	SFO
MGM	-15.0	GPT
MGM	-15.0	BHM
MGM	-5.0	JAN
MGM	-1.611842105263158	PFN
MGM	1.450060168471721	CLT
MGM	4.525259284041486	MEM
MGM	5.0	SHV
MGM	5.104568527918782	IAH
MGM	6.222175290390708	MLU
MGM	7.0565947242206235	DFW
MHT	-2.4295774647887325	PWM
MHT	0.0	MDT
MHT	0.5643702157272095	CLE
MHT	1.6074407741074408	CLT
MHT	1.8044444444444445	FLL
MHT	2.999608487980581	DTW
MHT	3.0416666666666665	ALB
MHT	3.32316630355846	MSP
MHT	3.4906815399265407	DCA
MHT	4.23961661341853	LAS
MIA	1.710382513661202	SAN
MIA	2.0	BUF
MIA	2.4107883817427385	SLC
MIA	2.8884911894273126	HOU
MIA	3.6491228070175437	ISP
MIA	3.6863274141933866	MEM
MIA	3.9606854838709675	GNV
MIA	3.975845410628019	PSE
MIA	4.234641638225256	TLH
MIA	4.612244897959184	MCI
MIB	-7.136363636363637	MSP
MKC	8.0	MKE
MKE	-36.5	TUS
MKE	-12.0	MDW
MKE	-0.125	RSW
MKE	1.0	MKC
MKE	1.0420841683366733	DAY
MKE	1.1279513968794588	MEM
MKE	1.9921259842519685	SDF
MKE	2.0	RST
MKE	2.075899178702917	BNA
MKE	2.3705539358600585	IND
MKG	-4.476744186046512	MKE
MKG	12.37962962962963	FNT
MKG	38.375	GRR
MKK	-7.0	LNY
MKK	-2.9358490566037734	OGG
MLB	-2.2545454545454544	PBI
MLB	0.0	TXK
MLB	0.1267605633802817	BWI
MLB	0.6866096866096866	TPA
MLB	0.767580452920143	RSW
MLB	1.0559403303143313	RDU
MLB	1.0977443609022557	MCO
MLB	1.5955334987593053	JAX
MLB	1.7826086956521738	DFW
MLB	2.25	PHL
MLI	-13.0	MKE
MLI	-3.0	IAD
MLI	-1.0	RDU
MLI	1.0681818181818181	FSD
MLI	2.281437125748503	LAS
MLI	2.2916666666666665	LNK
MLI	2.514743049705139	OMA
MLI	3.4260325406758447	CID
MLI	3.5640451579097796	STL
MLI	3.6547619047619047	CVG
MLU	-24.0	SDF
MLU	-2.5	AUS
MLU	-0.3663477771525042	BHM
MLU	1.9536338149665733	PNS
MLU	3.436562989483106	IAH
MLU	4.090134925901349	SHV
MLU	7.73035490605428	DFW
MLU	9.92264933844829	ATL
MLU	21.65519342065184	JAN
MLU	52.0	CSG
MOB	-7.0	MGM
MOB	-2.697674418604651	GPT
MOB	0.553565030455034	JAN
MOB	1.4327181208053692	BNA
MOB	2.107055564608115	MEM
MOB	3.021408182683159	CLT
MOB	3.3864062345861696	IAH
MOB	4.48933577087142	PNS
MOB	5.240932642487047	BHM
MOB	5.830337389380531	BTR
MOD	5.976961843052556	LAX
MOD	11.534703141799069	SFO
MOT	-1.0	DEN
MOT	0.5866666666666667	BIS
MOT	1.5628113440197287	MSP
MQT	5.285563751317176	TVC
MQT	6.7034965034965035	GRB
MQT	8.245283018867925	MSN
MQT	9.761040532365396	ORD
MQT	14.030927835051546	MKE
MRY	0.0	SBP
MRY	1.069277108433735	LAS
MRY	1.7632729544034977	SLC
MRY	2.528006589785832	DEN
MRY	2.7780384795870483	PHX
MRY	3.140378548895899	LAX
MRY	3.8580152671755723	ONT
MRY	4.789868667917449	LGB
MRY	8.718715393133998	SAN
MRY	10.295860165593377	SFO
MSN	-1.7476303317535544	GRB
MSN	-0.23529411764705882	MCI
MSN	-0.04216867469879518	LAS
MSN	1.1415469275450933	MKE
MSN	1.7545176536002225	CLE
MSN	1.8485718745122521	DTW
MSN	1.9500509683995924	PIT
MSN	2.65	LSE
MSN	2.79782335705316	CVG
MSN	3.1435796927356643	MSP
MSO	-3.5833333333333335	SFO
MSO	2.4818487539881002	GTF
MSO	3.0337817181290125	DEN
MSO	3.6700969042106166	SLC
MSO	4.202576291979757	MSP
MSO	5.04310103554436	BZN
MSO	7.146443514644352	BIL
MSO	9.896755162241888	FCA
MSO	23.684444444444445	ORD
MSP	-4.0	PIA
MSP	0.3068181818181818	MIB
MSP	2.0607375271149673	MHT
MSP	2.2138334145153435	JAX
MSP	3.1970979443772674	EAU
MSP	3.5	PIR
MSP	3.6153846153846154	FWA
MSP	3.6886903362332473	IAH
MSP	3.812785789658811	DAY
MSP	3.96049863035452	RST
MSY	1.367539484621779	MEM
MSY	1.6568790274363914	DTW
MSY	1.7464494569757727	PNS
MSY	2.132136179833906	CVG
MSY	2.666768712689423	CLE
MSY	3.447712418300654	MCI
MSY	3.623648289310406	DCA
MSY	3.8319137841126367	SFO
MSY	4.045669291338583	BOS
MSY	4.1921135646687695	MSP
MTH	15.968253968253968	ATL
MTJ	0.8716429699842022	IAH
MTJ	4.238418777022853	DEN
MTJ	5.532338308457711	LAX
MTJ	8.878787878787879	SLC
MTJ	10.53175355450237	DFW
MTJ	13.055555555555555	CLE
MTJ	13.913385826771654	ORD
MTJ	20.666666666666668	EWR
MTJ	21.75	ATL
MTJ	165.5	GJT
MYR	-7.5	FLO
MYR	-4.333333333333333	CAE
MYR	-3.376068376068376	CLE
MYR	0.0	SAV
MYR	0.0	ILM
MYR	0.23574969021065675	RDU
MYR	0.56	DAY
MYR	2.2355395276481405	CLT
MYR	2.2751499000666224	DTW
MYR	3.375	DCA
OAJ	3.1431902345357288	CLT
OAJ	3.8541666666666665	BWI
OAJ	12.78390243902439	ATL
OAK	-180.0	ABI
OAK	-1.0	PIT
OAK	-1.0	CPR
OAK	0.0	OKC
OAK	0.3333333333333333	LBB
OAK	1.1485714285714286	FLL
OAK	2.0229885057471266	AUS
OAK	2.221052631578947	MSP
OAK	2.2543720190779015	PSP
OAK	2.8126329994290757	LGB
OGD	172.4	SLC
OGG	-10.0	ANC
OGG	-1.45527950310559	LIH
OGG	-0.9385633270321361	ITO
OGG	-0.822265625	SLC
OGG	-0.4029451137884873	IAH
OGG	0.1620860102745965	HNL
OGG	1.320491680407735	KOA
OGG	1.5647058823529412	ATL
OGG	1.6639676113360324	DEN
OGG	3.1739130434782608	LAS
OKC	-5.5	TXK
OKC	-1.4822695035460993	CLE
OKC	-1.0	BOS
OKC	-0.02909647779479326	ABQ
OKC	0.9073552601937374	MEM
OKC	2.3285123966942147	ICT
OKC	3.474320241691843	MCO
OKC	3.935580846038222	IAH
OKC	4.29606068020553	CVG
OKC	4.300201477501679	LAX
OMA	-5.0	ORF
OMA	-3.0	BWI
OMA	-0.31851851851851853	TUS
OMA	0.0	CHA
OMA	1.0378268324046291	MEM
OMA	1.655581947743468	CLE
OMA	2.1465721040189125	ONT
OMA	2.2098966829798803	MCI
OMA	2.4347826086956523	MCO
OMA	2.5416666666666665	IND
OME	7.80320820241442	OTZ
OME	10.810632756243297	ANC
OME	20.0	FAI
ONT	-36.0	FLL
ONT	-14.0	GTF
ONT	-9.846153846153847	IAD
ONT	-6.777777777777778	BOS
ONT	-0.8532934131736527	RNO
ONT	0.0	PVU
ONT	0.0	LBB
ONT	1.9097428467946396	IAH
ONT	2.074793875147232	BUR
ONT	2.7752293577981653	MRY
ORD	-13.0	EUG
ORD	0.0	MLB
ORD	0.8260869565217391	GTF
ORD	3.8403361344537816	SBA
ORD	5.733333333333333	TWF
ORD	6.221516474791584	DAL
ORD	6.540909090909091	STT
ORD	7.333333333333333	MSO
ORD	7.594489465153971	HVN
ORD	7.737113402061856	HOU
ORF	-5.0	SAV
ORF	0.0	PHF
ORF	0.0	ALB
ORF	0.325	FAY
ORF	0.8489425981873112	BNA
ORF	0.8831314072693383	CLE
ORF	2.658119658119658	DCA
ORF	3.2824675324675323	MEM
ORF	3.4401313573593804	RDU
ORF	3.5825214692934977	STL
ORH	2.320825515947467	PHL
ORH	3.4066358024691357	BWI
ORH	4.115081450341566	DTW
ORH	4.5300105300105304	PIT
ORH	5.931535269709544	ORD
ORH	8.323595505617977	EWR
ORH	10.07569721115538	JFK
OTH	13.538461538461538	PDX
OTH	14.139130434782608	SFO
OTZ	7.690869713894905	ANC
OTZ	11.186578017868273	OME
OXR	1.1052051168945742	LAX
PBI	-2.645390070921986	DEN
PBI	-0.06818181818181818	JAX
PBI	0.0	AUS
PBI	0.44565217391304346	TLH
PBI	1.3517412935323383	SRQ
PBI	2.0130506836072364	IAH
PBI	2.8153846153846156	GSO
PBI	2.8456655425510813	CLE
PBI	2.9615384615384617	MSP
PBI	3.133378561736771	RDU
PDX	-11.0	MSO
PDX	-1.0	TPA
PDX	-0.5531914893617021	MEM
PDX	0.9793876325795478	RDM
PDX	1.5954801038062283	MFR
PDX	2.0	CLE
PDX	2.006993006993007	LGB
PDX	2.755371900826446	BOS
PDX	2.9581078865387767	EUG
PDX	3.512635379061372	MCI
PFN	0.1437908496732026	MGM
PFN	1.6630434782608696	MCO
PFN	2.130864197530864	DFW
PFN	4.030206677265501	MEM
PFN	4.4	CVG
PFN	7.5	TLH
PFN	12.303017031630171	ATL
PFN	15.0	VPS
PFN	15.0	CSG
PFN	18.0	AUS
PHF	-1.9823788546255507	TPA
PHF	0.0	JFK
PHF	0.0	CHO
PHF	0.7182368193604148	IAD
PHF	1.691686460807601	MCO
PHF	1.9219178082191781	CLT
PHF	2.6564327485380117	FLL
PHF	4.238119312436805	PIT
PHF	6.797968069666183	BOS
PHF	7.256962025316455	CVG
PHL	0.0	MCN
PHL	3.5450447880413076	MEM
PHL	4.466887417218543	CAK
PHL	5.680749402741104	SLC
PHL	5.72131931166348	ORH
PHL	5.958553489329582	CLE
PHL	6.222707423580786	SAT
PHL	6.333333333333333	TYS
PHL	6.481481481481482	MLB
PHL	6.529499229993096	CVG
PHX	2.7988505747126435	DAY
PHX	2.8202247191011236	FSD
PHX	2.9783398821218077	CVG
PHX	3.4208809135399676	GCN
PHX	3.885586924219911	SUX
PHX	3.957506471095772	FLG
PHX	4.084684684684684	TEX
PHX	4.995818523938951	PIT
PHX	5.006235385814497	PUB
PHX	5.123782446164376	CLE
PIA	-10.0	HPN
PIA	-1.2594235033259424	DEN
PIA	2.1036789297658864	CID
PIA	3.5417895771878074	DTW
PIA	3.634393063583815	CMI
PIA	3.6992108229988725	STL
PIA	3.8717065261451156	MLI
PIA	5.285252525252525	DFW
PIA	9.221565357991006	ORD
PIA	10.0	CHA
PIE	-18.0	TPA
PIE	-5.5	MCO
PIE	-0.7953216374269005	SFO
PIE	-0.2551928783382789	RDU
PIE	-0.13704994192799072	IND
PIE	0.0	RSW
PIE	0.7099236641221374	LAX
PIE	1.439321444106133	MDW
PIE	2.720779220779221	LAS
PIE	16.764705882352942	SJU
PIH	0.5140097542316152	SLC
PIH	115.0	TWF
PIH	130.0	IDA
PIR	32.0	JAX
PIR	59.0	MSP
PIT	0.3333333333333333	LWB
PIT	3.8659274193548385	MSN
PIT	4.45594262295082	DSM
PIT	4.724670499778859	DTW
PIT	4.950444726810673	TTN
PIT	5.008695652173913	AZO
PIT	5.0906935542702305	CVG
PIT	5.106775300171527	ACY
PIT	5.353146853146853	CMI
PIT	5.366678661388989	ORH
PLN	-5.0	DCA
PLN	5.898921832884097	DTW
PMD	0.0	LAX
PMD	2.157840083073728	LAS
PMD	6.837748344370861	PHX
PMD	11.122047244094489	SFO
PNS	-10.0	SHV
PNS	-5.0	AUS
PNS	-3.3776824034334765	JAN
PNS	-3.0	SAT
PNS	-0.6153846153846154	FLL
PNS	0.0	GPT
PNS	0.5556485355648536	MSY
PNS	0.5650224215246636	RDU
PNS	1.0790655884995508	BNA
PNS	3.0334955625536786	JAX
PSC	-1.7598039215686274	YKM
PSC	1.0912459471977767	BOI
PSC	2.1853085210577863	DEN
PSC	2.6631719933493443	SLC
PSC	3.657004830917874	SFO
PSC	4.180270405608413	SEA
PSC	4.427270604716321	GEG
PSC	8.862823061630218	PDX
PSC	158.0	MFR
PSE	-1.9514563106796117	MIA
PSE	1.218724778046812	JFK
PSE	2.924731182795699	EWR
PSE	5.222	MCO
PSE	6.373737373737374	FLL
PSG	9.106523534269199	SIT
PSG	11.169280442804428	WRG
PSG	13.9309265944645	JNU
PSP	-2.2	LGB
PSP	-0.5223618824904999	IAH
PSP	-0.32450331125827814	TUS
PSP	0.8323102678571429	ONT
PSP	2.282776349614396	SNA
PSP	2.8288	OAK
PSP	3.253807106598985	ATL
PSP	3.2761942994781212	PHX
PSP	3.742220353238015	MSP
PSP	4.076801971387501	DFW
PUB	-1.4210526315789473	DEN
PUB	0.8625649220934878	COS
PUB	2.2363636363636363	LAS
PUB	2.6391912908242614	PHX
PVD	-1.0	SYR
PVD	1.0334928229665072	ALB
PVD	1.7536231884057971	IAH
PVD	2.112614661511637	DTW
PVD	2.244969040247678	MSP
PVD	2.2954201622885435	RDU
PVD	2.825548902195609	MCI
PVD	2.9410129441403874	CLE
PVD	3.041203066640456	DCA
PVD	3.55582726326743	CLT
PVU	0.0	SLC
PWM	0.2836752899197145	CLE
PWM	1.4664423587745705	ALB
PWM	1.998109640831758	BDL
PWM	2.9215686274509802	BTV
PWM	3.227743271221532	MCO
PWM	3.3616124672020353	CVG
PWM	3.814675767918089	BGR
PWM	4.638075313807532	BWI
PWM	4.788263762855414	MHT
PWM	5.020306538187932	BOS
RAP	-0.2345066931085771	CPR
RAP	-0.12173913043478261	SUX
RAP	1.017046067536951	SLC
RAP	2.0663196949397094	MSP
RAP	2.6092825724252995	FSD
RAP	3.983732876712329	DEN
RAP	21.140495867768596	ORD
RAP	208.33333333333334	BIS
RDD	10.393710580083503	SFO
RDD	51.142857142857146	ACV
RDD	98.5	SMF
RDD	112.0	CEC
RDD	115.0	CIC
RDD	179.0	MFR
RDM	1.143101092896175	SLC
RDM	1.5966176323426398	PDX
RDM	3.9363295880149813	MFR
RDM	7.016949152542373	DEN
RDM	12.741379310344827	LAX
RDM	14.704416566420347	SFO
RDM	16.323529411764707	SEA
RDR	-1.326086956521739	MSP
RDU	-10.0	FAY
RDU	-0.5562700964630225	BHM
RDU	-0.060759493670886074	SLC
RDU	2.0082577720207255	CLE
RDU	2.0223880597014925	MSY
RDU	2.21875	PNS
RDU	2.416568047337278	SAT
RDU	2.8989326944020912	RIC
RDU	3.2888888888888888	ABE
RDU	3.5734217171717173	IAH
RFD	1.7009102730819246	DEN
RHI	6.258241758241758	MSP
RIC	-11.0	BUF
RIC	-1.108910891089109	MCO
RIC	1.0588996763754046	BNA
RIC	1.9222145567437048	IAH
RIC	2.584204413472706	ROA
RIC	3.5299929428369796	STL
RIC	3.561427128912824	BWI
RIC	3.5874769797421733	CHO
RIC	3.8307784431137724	CVG
RIC	3.8871964820597795	DTW
RKS	-2.7590361445783134	SLC
RKS	2.569007263922518	DEN
RNO	-16.0	SBA
RNO	-0.39416058394160586	TUS
RNO	0.7562724014336918	LGB
RNO	1.6026548672566372	SMF
RNO	3.2414594468975135	IAH
RNO	4.520754716981132	GEG
RNO	4.584275436793423	SNA
RNO	4.629809179989685	MSP
RNO	4.694190747117832	DEN
RNO	5.075211864406779	PHX
ROA	0.0	BNA
ROA	0.0	ROC
ROA	1.643348623853211	RIC
ROA	1.894206549118388	CHO
ROA	2.802842318971351	CVG
ROA	4.059772863120143	BWI
ROA	4.077248813037341	PIT
ROA	4.3283976510067115	CLT
ROA	4.448979591836735	CRW
ROA	4.829931972789115	DTW
ROC	-1.379071379071379	TPA
ROC	1.6483516483516483	RDU
ROC	2.7656448538754765	DTW
ROC	2.8531468531468533	LAS
ROC	2.9594755661501786	ALB
ROC	3.507002801120448	BDL
ROC	3.576299406399305	BWI
ROC	3.9370095440084834	CLT
ROC	4.315241423578917	DCA
ROC	4.546660769570987	MCO
ROP	-2.062944718117132	GUM
ROR	2.719186046511628	GUM
ROR	21.38235294117647	YAP
ROW	8.591493570722058	DFW
RST	-5.973628691983122	LSE
RST	-4.0	MDW
RST	0.4508801091079572	MSP
RST	3.0	FAR
RST	3.056603773584906	ALO
RST	4.996153846153846	DFW
RST	6.185365682630952	ORD
RST	7.744136460554371	DTW
RSW	-7.416666666666667	RIC
RSW	-1.0	CAE
RSW	0.0	EYW
RSW	0.42857142857142855	HOU
RSW	1.3591331269349844	MKE
RSW	1.4208874005860193	TPA
RSW	1.536961345322901	IAH
RSW	2.039506172839506	PBI
RSW	2.370113493064313	RDU
RSW	2.488095238095238	DAY
SAN	-2.3043478260869565	KOA
SAN	-0.21666666666666667	BUR
SAN	-0.06666666666666667	LIH
SAN	0.5555555555555556	MIA
SAN	1.078196872125115	IPL
SAN	2.392405063291139	CLE
SAN	2.974246231155779	MSY
SAN	3.047819971870605	MEM
SAN	3.153611111111111	CLT
SAN	3.284319082960553	LAX
SAT	-1.0	BDL
SAT	0.49175442082257104	MSP
SAT	0.5484764542936288	CLE
SAT	0.6458077080770808	MEM
SAT	1.7414596273291925	SFO
SAT	1.7620635979541917	MSY
SAT	2.3708852995297485	PIT
SAT	2.5537825305986046	STL
SAT	2.596713329275715	BNA
SAT	2.848314606741573	ABQ
SAV	-11.0	HHH
SAV	-5.0	AGS
SAV	-1.2421383647798743	CLE
SAV	-1.0	MYR
SAV	-0.08635097493036212	CAE
SAV	0.0	SHV
SAV	0.0	MLU
SAV	0.0	SAT
SAV	1.0847750865051904	GSP
SAV	1.2750292169848072	RDU
SBA	0.0	PSP
SBA	0.10941960038058991	LGB
SBA	0.8804185351270553	ONT
SBA	1.3707833844438249	SJC
SBA	1.6288659793814433	BUR
SBA	1.995375329867008	LAX
SBA	2.754496208017335	SLC
SBA	4.26623646960866	PHX
SBA	4.8296163296163295	DEN
SBA	4.9832	BFL
SBN	-1.6352941176470588	CLE
SBN	0.0	PHX
SBN	0.625	AZO
SBN	2.899059024807528	PIT
SBN	3.688986437790736	CVG
SBN	4.00735164382756	DTW
SBN	5.079150962110693	DAY
SBN	9.5	EWR
SBN	15.283783783783784	MSP
SBN	16.069901315789473	ORD
SBP	2.194610778443114	SLC
SBP	3.086434124641417	LAX
SBP	3.277759141227776	PHX
SBP	5.374233128834356	SJC
SBP	11.882092555331992	SFO
SBP	15.416370106761565	LAS
SBP	48.0	MFR
SCC	4.666283084004603	FAI
SCC	7.191987513007284	ANC
SCC	10.339822024471635	BRW
SCE	0.2900347050074368	IAD
SCE	0.5784222014343623	CVG
SCE	9.10919540229885	DTW
SCE	15.53968253968254	ATL
SCK	2.7462022971470916	LAX
SCK	3.0454545454545454	FAT
SCK	11.834782608695653	DEN
SDF	0.0	SHV
SDF	0.0	PIA
SDF	0.0	JAN
SDF	0.8522929257020974	BNA
SDF	1.7761557177615572	MCI
SDF	1.9109259852611342	MEM
SDF	2.4913101604278074	PHL
SDF	2.9193791765466695	IND
SDF	3.4969398907103826	CLE
SDF	3.6178233301485276	MSP
SEA	0.0	EUG
SEA	2.5949429846306398	PSC
SEA	3.7894085461177696	CVG
SEA	4.210309459104059	MEM
SEA	5.154081632653061	CLE
SEA	5.195116978439268	SNA
SEA	5.199197373221452	BLI
SEA	5.379647749510763	YKM
SEA	5.481081081081081	LIH
SEA	5.650894947511517	DTW
SFO	-10.0	SDF
SFO	-4.0	MSO
SFO	-1.7575757575757576	LGA
SFO	-1.3410404624277457	PIE
SFO	-0.8137071651090343	OAK
SFO	0.0	FAR
SFO	2.3792093704245976	BNA
SFO	3.2624155910761603	MEM
SFO	3.985613917698227	SJC
SFO	3.9880277252678007	MKE
SGF	-5.333333333333333	SLC
SGF	0.0	MCI
SGF	2.162263067202757	CVG
SGF	3.251012145748988	ICT
SGF	3.677730625442053	STL
SGF	5.723337651122625	DEN
SGF	6.507836990595611	DTW
SGF	6.8154213578983285	MEM
SGF	8.308702319340616	DFW
SGF	8.580828594638506	LIT
SGU	0.0	SBA
SGU	0.5826771653543307	CDC
SGU	2.6336099879406967	SLC
SGU	3.7514367816091956	LAX
SHV	-12.0	CLT
SHV	-1.3	LIT
SHV	0.0	AUS
SHV	1.674053079103324	JAN
SHV	2.0	TUL
SHV	3.0225733634311513	BTR
SHV	3.502166949312229	MEM
SHV	3.7	IAH
SHV	4.602472658107465	CVG
SHV	4.803644095758331	DFW
SIT	6.964825751184373	JNU
SIT	8.757555406312962	SEA
SIT	10.324779777862888	KTN
SJC	1.1894310079686845	SBA
SJC	1.615702479338843	BWI
SJC	2.0669472681067345	IAH
SJC	2.200392927308448	CVG
SJC	2.685002594706798	DTW
SJC	2.8144607513127777	MSP
SJC	3.0042087542087543	TVL
SJC	3.0484658528538437	SLC
SJC	3.6772009029345374	IAD
SJC	3.6805405405405405	LGB
SJT	1.69709575533472	DFW
SJT	4.909845788849347	IAH
SJU	-4.0588235294117645	PIE
SJU	1.6672195728799502	RDU
SJU	1.8728501228501229	BNA
SJU	2.802507836990596	MDW
SJU	3.3773584905660377	PIT
SJU	3.5088105726872247	CLE
SJU	3.711864406779661	SYR
SJU	4.681581685744017	IAH
SJU	5.035606712564544	DFW
SJU	5.355382159957439	FLL
SLC	-1.511764705882353	GCC
SLC	-0.4251497005988024	RKS
SLC	0.47232472324723246	ACV
SLC	0.7751677852348994	SGF
SLC	0.850967007963595	SLE
SLC	0.9166666666666666	GUC
SLC	1.2128205128205127	ICT
SLC	1.2956989247311828	YKM
SLC	1.5307346326836582	SBP
SLC	1.565891472868217	DCA
SLE	2.364880273660205	SLC
SMF	-0.675270607826811	LGB
SMF	-0.5233644859813084	PSP
SMF	-0.11849710982658959	OGG
SMF	0.3570784490532011	GEG
SMF	1.378698224852071	SJC
SMF	1.932748538011696	BFL
SMF	3.2423245614035086	COS
SMF	3.459526774595268	RNO
SMF	3.6484307157920854	SLC
SMF	3.8097375690607733	MCI
SMX	2.254452239611441	LAX
SMX	68.0	SFO
SNA	-4.0	CLE
SNA	-3.0	PVU
SNA	0.8894842598794374	SAN
SNA	1.0	LGB
SNA	1.627906976744186	PHL
SNA	2.075041822671871	IAH
SNA	2.190376569037657	TUS
SNA	2.275092936802974	IAD
SNA	2.3551912568306013	ONT
SNA	2.5276011560693643	DTW
SOP	25.241042345276874	ATL
SPI	15.699136372765615	ORD
SPI	25.795148247978435	IAD
SPN	2.4366386902911614	GUM
SPS	2.6069259594262824	DFW
SRQ	0.0	EYW
SRQ	0.6741226378711916	TPA
SRQ	1.4606205250596658	IAH
SRQ	1.6875	MEM
SRQ	2.0	FLL
SRQ	2.068862275449102	BNA
SRQ	2.3138770331064715	MCO
SRQ	2.44759047440465	RDU
SRQ	2.777998674618953	MDW
SRQ	3.351498202157411	RSW
STL	-10.0	OAK
STL	-6.0	XNA
STL	2.4453273998728546	MEM
STL	3.495429616087751	GRR
STL	3.6928471248246844	LEX
STL	3.8727272727272726	CMI
STL	4.864340847831414	CVG
STL	4.944719494147719	MSP
STL	5.046260601387818	MSN
STL	5.067941251877083	BNA
STT	1.8111587982832618	RDU
STT	2.173024523160763	ATL
STT	2.8577334411791138	SJU
STT	4.22544080604534	CLT
STT	4.607227769852591	EWR
STT	5.646228001345141	MIA
STT	6.067415730337078	LGA
STT	7.397025602409639	JFK
STT	10.054884742041713	BOS
STT	11.635464549380137	STX
STX	0.20850935425467712	SJU
STX	1.3478822314049588	STT
STX	1.9799482535575679	PHL
STX	3.239889705882353	RDU
STX	4.305025996533796	MIA
STX	4.797297297297297	MCO
STX	5.03347280334728	JFK
STX	6.747919143876338	EWR
STX	11.59051724137931	CLT
STX	11.596513075965131	ATL
SUN	0.5555555555555556	LAX
SUN	1.1428149896724697	SLC
SUN	17.46511627906977	BOI
SUX	0.5180722891566265	DEN
SUX	1.1471816283924843	CID
SUX	1.8839869281045751	ORD
SUX	2.096057209122536	MSP
SUX	2.3114754098360657	MLI
SUX	2.3209603269198027	LNK
SUX	4.047413793103448	STL
SUX	4.422818791946309	FSD
SUX	4.824281150159744	PHX
SUX	7.4045226130653266	OMA
SWF	-1.0	LGA
SWF	0.9473684210526315	DFW
SWF	1.1783216783216783	TPA
SWF	1.9695421095666394	RDU
SWF	2.31	ALB
SWF	2.5	JFK
SWF	3.1977611940298507	BWI
SWF	3.3420054200542006	MCO
SWF	4.012008733624454	CLT
SWF	4.133775233504068	PIT
SYR	1.6111111111111112	SJU
SYR	1.8753862793572311	DTW
SYR	2.1208847736625516	RDU
SYR	3.008668242710796	ISP
SYR	3.445850622406639	BDL
SYR	3.4814410480349345	ROC
SYR	3.9328	MCO
SYR	4.344793470195399	BUF
SYR	4.402427921092564	CLT
SYR	4.455268389662028	BTV
TEX	10.609403254972875	PHX
TLH	0.0	CSG
TLH	0.0	AGS
TLH	0.0	AUS
TLH	0.0	IAD
TLH	0.0	MLB
TLH	3.3118279569892475	PBI
TLH	3.6513468809073726	MCO
TLH	3.6549575921339037	TPA
TLH	3.8238021638330757	MEM
TLH	4.2524505093215454	CLT
TOL	-0.2682926829268293	DFW
TOL	0.0	SBN
TOL	2.34597660404112	DAY
TOL	2.6142523364485983	CVG
TOL	2.827856025039124	STL
TOL	3.2128592941792706	PIT
TOL	6.738502673796791	FWA
TOL	7.058166862514689	ORD
TOL	7.843383245649535	ATL
TOL	20.0	AZO
TPA	-17.0	PIE
TPA	-9.0	DAB
TPA	-1.5508474576271187	LEX
TPA	0.7123893805309734	PHF
TPA	1.669195751138088	AUS
TPA	1.7809747504403992	CAK
TPA	2.421516754850088	SLC
TPA	2.551526717557252	CHS
TPA	2.5656509695290857	GPT
TPA	2.601574803149606	HSV
TRI	0.0	AVL
TRI	0.0	LEX
TRI	2.2733333333333334	TYS
TRI	2.680947012401353	PIT
TRI	2.8006089728341026	CLT
TRI	4.104961832061068	MEM
TRI	4.342562074269392	CVG
TRI	13.844819776095257	ATL
TRI	16.26086956521739	MCO
TTN	-5.0	LGA
TTN	2.5282308657465498	PIT
TTN	9.909230769230769	BOS
TTN	11.201219512195122	ATL
TTN	15.0	JFK
TUL	-1.0	ELP
TUL	0.3262411347517731	BNA
TUL	0.46710526315789475	AUS
TUL	0.8425925925925926	SMF
TUL	0.9330065359477124	LAX
TUL	2.467277486910995	OMA
TUL	2.8053398058252426	MEM
TUL	2.8317399617590824	SAT
TUL	2.9457065529402118	SLC
TUL	3.0470319634703196	ICT
TUP	8.609951845906902	ATL
TUS	-4.0	DTW
TUS	-0.4386503067484663	IAD
TUS	-0.13824057450628366	SFO
TUS	0.17006802721088435	CLT
TUS	0.8305263157894737	SNA
TUS	1.396551724137931	PIT
TUS	1.5830212234706618	ELP
TUS	2.1791044776119404	GEG
TUS	2.6074074074074076	OMA
TUS	2.6126126126126126	MSP
TVC	4.674307304785894	DTW
TVC	6.294117647058823	MSP
TVC	7.960151802656546	CVG
TVC	9.37037037037037	DFW
TVC	12.030056157557542	ORD
TVC	12.954022988505747	DEN
TVC	14.092783505154639	ATL
TVC	14.717948717948717	LGA
TVC	24.0	MSN
TVC	24.92996910401648	MQT
TVL	-4.0	RNO
TVL	2.50561797752809	SJC
TVL	10.914847161572052	SFO
TWF	0.6923076923076923	LAX
TWF	3.0625	ORD
TWF	3.8261874197689347	SLC
TWF	87.0	SUN
TWF	124.5	EKO
TWF	186.42857142857142	BOI
TXK	1.9817162086371285	DFW
TXK	2.4457061745919093	IAH
TXK	202.5	TYR
TYR	0.0	AEX
TYR	1.4118346156251955	DFW
TYR	4.35158093440302	IAH
TYR	73.0	TXK
TYS	-59.0	AEX
TYS	-7.5	DCA
TYS	0.0	CRW
TYS	0.0	GSO
TYS	1.6944198405668733	DEN
TYS	2.3176736514142586	CLT
TYS	2.3444292549555708	MEM
TYS	2.509829280910502	IAD
TYS	2.731647979691136	PIT
TYS	3.0498405103668262	BNA
UCA	3.6459909228441756	PIT
UCA	3.747104247104247	BWI
UCA	4.251372118551043	SYR
UCA	13.966666666666667	EWR
VCT	2.3480475382003396	IAH
VCT	160.0	ILE
VIS	0.07273802483737433	FAT
VIS	0.8954248366013072	LAX
VLD	0.0	GNV
VLD	0.0	MCN
VLD	11.621539353529498	ATL
VPS	-6.0	DHN
VPS	-0.6666666666666666	AUS
VPS	0.0	XNA
VPS	1.5311602461819012	MEM
VPS	3.50193401592719	IAH
VPS	7.737885462555066	CVG
VPS	8.811623499684144	DFW
VPS	11.881577432354634	ATL
VPS	21.828908554572273	ORD
VPS	27.25	LGA
WRG	8.392889154466687	KTN
WRG	10.063790729692519	PSG
WYS	-0.8811320754716981	SLC
XNA	-15.0	FAR
XNA	-5.2642642642642645	CLE
XNA	-5.0	CAK
XNA	2.031862745098039	SLC
XNA	4.280936454849498	DCA
XNA	4.983877159309021	DEN
XNA	5.374481658692185	CVG
XNA	6.1510174937522315	MEM
XNA	6.297409074321859	IAH
XNA	6.304383116883117	MSP
YAK	3.3333333333333335	ANC
YAK	5.517251419420585	JNU
YAK	10.625184311412562	CDV
YAP	18.672463768115943	ROR
YAP	21.643790849673202	GUM
YKM	0.5562130177514792	SEA
YKM	1.1183574879227054	PSC
YKM	5.009408602150538	SLC
YKM	25.0	SJC
YKM	35.0	SFO
YUM	4.273542245140817	PHX
YUM	4.66731488406881	LAX
YUM	5.2689367616400276	IPL
YUM	5.690322580645161	SLC
YUM	9.675949367088608	LAS
